model,k,epoch,loss_name,train_loss,train_rmse_kw
Deterministic,,1,MSE,0.06559097766876221,336.2236022949219
Deterministic,,2,MSE,0.06403858959674835,332.220947265625
Deterministic,,3,MSE,0.06312806904315948,329.8506774902344
Deterministic,,4,MSE,0.05594386160373688,310.51483154296875
Deterministic,,5,MSE,0.05470423027873039,307.0552673339844
Deterministic,,6,MSE,0.05395815894007683,304.9542541503906
Deterministic,,7,MSE,0.05123181641101837,297.1501770019531
Deterministic,,8,MSE,0.05208870396018028,299.6249084472656
Deterministic,,9,MSE,0.047997619956731796,287.6179504394531
Deterministic,,10,MSE,0.04549571871757507,280.0215148925781
Deterministic,,11,MSE,0.04473363980650902,277.6663513183594
Deterministic,,12,MSE,0.04366873949766159,274.3414611816406
Deterministic,,13,MSE,0.044217512011528015,276.05987548828125
Deterministic,,14,MSE,0.04357828199863434,274.0571594238281
Deterministic,,15,MSE,0.04218922555446625,269.6540222167969
Deterministic,,16,MSE,0.03891848772764206,258.99066162109375
Deterministic,,17,MSE,0.0389125756919384,258.9709777832031
Deterministic,,18,MSE,0.03832998871803284,257.02508544921875
Deterministic,,19,MSE,0.040499694645404816,264.19952392578125
Deterministic,,20,MSE,0.03516039252281189,246.1687774658203
Deterministic,,21,MSE,0.036176133900880814,249.69921875
Deterministic,,22,MSE,0.03469599038362503,244.5376739501953
Deterministic,,23,MSE,0.031817708164453506,234.17503356933594
Deterministic,,24,MSE,0.03255309537053108,236.86575317382812
Deterministic,,25,MSE,0.031978022307157516,234.7642364501953
Deterministic,,26,MSE,0.03251537308096886,236.7284698486328
Deterministic,,27,MSE,0.03146631270647049,232.87832641601562
Deterministic,,28,MSE,0.03174932673573494,233.9232635498047
Deterministic,,29,MSE,0.0308345016092062,230.5284881591797
Deterministic,,30,MSE,0.029855746775865555,226.84024047851562
Deterministic,,31,MSE,0.030075136572122574,227.67214965820312
Deterministic,,32,MSE,0.029333606362342834,224.84791564941406
Deterministic,,33,MSE,0.028173455968499184,220.35667419433594
Deterministic,,34,MSE,0.028754213824868202,222.6162567138672
Deterministic,,35,MSE,0.028526069596409798,221.73135375976562
Deterministic,,36,MSE,0.028904195874929428,223.19607543945312
Deterministic,,37,MSE,0.02901386469602585,223.61911010742188
Deterministic,,38,MSE,0.028559120371937752,221.85975646972656
Deterministic,,39,MSE,0.027319954708218575,216.99319458007812
Deterministic,,40,MSE,0.027882086113095284,219.2142333984375
Deterministic,,41,MSE,0.028134785592556,220.20538330078125
Deterministic,,42,MSE,0.02765573561191559,218.3226318359375
Deterministic,,43,MSE,0.029166700318455696,224.2073211669922
Deterministic,,44,MSE,0.0260256789624691,211.79083251953125
Deterministic,,45,MSE,0.02902947925031185,223.67929077148438
Deterministic,,46,MSE,0.026879584416747093,215.23724365234375
Deterministic,,47,MSE,0.027391431853175163,217.27685546875
Deterministic,,48,MSE,0.026881037279963493,215.2430419921875
Deterministic,,49,MSE,0.025652635842561722,210.26748657226562
Deterministic,,50,MSE,0.027075784280896187,216.02133178710938
Deterministic,,51,MSE,0.027166593819856644,216.38328552246094
Deterministic,,52,MSE,0.023799482733011246,202.53025817871094
Deterministic,,53,MSE,0.02363370731472969,201.8236541748047
Deterministic,,54,MSE,0.02530219964683056,208.8263397216797
Deterministic,,55,MSE,0.0247826986014843,206.6714324951172
Deterministic,,56,MSE,0.0254156943410635,209.294189453125
Deterministic,,57,MSE,0.025494465604424477,209.6182403564453
Deterministic,,58,MSE,0.024755699560046196,206.55880737304688
Deterministic,,59,MSE,0.023332104086875916,200.53172302246094
Deterministic,,60,MSE,0.022677160799503326,197.69717407226562
Deterministic,,61,MSE,0.02512226812541485,208.08248901367188
Deterministic,,62,MSE,0.022891925647854805,198.63111877441406
Deterministic,,63,MSE,0.024499980732798576,205.48919677734375
Deterministic,,64,MSE,0.024493156000971794,205.4605712890625
Deterministic,,65,MSE,0.022943895310163498,198.85646057128906
Deterministic,,66,MSE,0.023899812251329422,202.95668029785156
Deterministic,,67,MSE,0.022555500268936157,197.16615295410156
Deterministic,,68,MSE,0.022572629153728485,197.2410125732422
Deterministic,,69,MSE,0.023632759228348732,201.81961059570312
Deterministic,,70,MSE,0.022573869675397873,197.2464141845703
Deterministic,,71,MSE,0.022327743470668793,196.16818237304688
Deterministic,,72,MSE,0.024561535567045212,205.74717712402344
Deterministic,,73,MSE,0.02158537693321705,192.87945556640625
Deterministic,,74,MSE,0.02250080183148384,196.92694091796875
Deterministic,,75,MSE,0.021882178261876106,194.2009735107422
Deterministic,,76,MSE,0.02297738753259182,199.00155639648438
Deterministic,,77,MSE,0.021553363651037216,192.7363739013672
Deterministic,,78,MSE,0.022261636331677437,195.8775634765625
Deterministic,,79,MSE,0.02367738075554371,202.01004028320312
Deterministic,,80,MSE,0.020326368510723114,187.16989135742188
Deterministic,,81,MSE,0.02191552147269249,194.348876953125
Deterministic,,82,MSE,0.02062041498720646,188.5188751220703
Deterministic,,83,MSE,0.02330990508198738,200.43630981445312
Deterministic,,84,MSE,0.021322496235370636,191.70132446289062
Deterministic,,85,MSE,0.021155603229999542,190.94964599609375
Deterministic,,86,MSE,0.020626183599233627,188.54522705078125
Deterministic,,87,MSE,0.02095765620470047,190.05421447753906
Deterministic,,88,MSE,0.020262913778424263,186.87753295898438
Deterministic,,89,MSE,0.021550960838794708,192.72561645507812
Deterministic,,90,MSE,0.0207466259598732,189.09490966796875
Deterministic,,91,MSE,0.022144202142953873,195.3602294921875
Deterministic,,92,MSE,0.020717697218060493,188.9630584716797
Deterministic,,93,MSE,0.019520228728652,183.42080688476562
Deterministic,,94,MSE,0.020639166235923767,188.60455322265625
Deterministic,,95,MSE,0.019996080547571182,185.64300537109375
Deterministic,,96,MSE,0.01930316537618637,182.3981475830078
Deterministic,,97,MSE,0.02090906910598278,189.83375549316406
Deterministic,,98,MSE,0.019238431006669998,182.09202575683594
Deterministic,,99,MSE,0.0193975567817688,182.8435516357422
Deterministic,,100,MSE,0.020120728760957718,186.220703125
Deterministic,,101,MSE,0.020883871242403984,189.7193603515625
Deterministic,,102,MSE,0.020116377621889114,186.20057678222656
Deterministic,,103,MSE,0.02011931501328945,186.2141571044922
Deterministic,,104,MSE,0.019667891785502434,184.11325073242188
Deterministic,,105,MSE,0.02011692337691784,186.20310974121094
Deterministic,,106,MSE,0.020371047779917717,187.37550354003906
Deterministic,,107,MSE,0.021216394379734993,191.22378540039062
Deterministic,,108,MSE,0.024893252179026604,207.1318817138672
Deterministic,,109,MSE,0.021403012797236443,192.0629425048828
Deterministic,,110,MSE,0.01888345368206501,180.40428161621094
Deterministic,,111,MSE,0.019593404605984688,183.76429748535156
Deterministic,,112,MSE,0.019019905477762222,181.05491638183594
Deterministic,,113,MSE,0.020611902698874474,188.47996520996094
Deterministic,,114,MSE,0.01840558834373951,178.10699462890625
Deterministic,,115,MSE,0.019177142530679703,181.8017578125
Deterministic,,116,MSE,0.019945912063121796,185.40997314453125
Deterministic,,117,MSE,0.020205218344926834,186.6112823486328
Deterministic,,118,MSE,0.018391987308859825,178.0411834716797
Deterministic,,119,MSE,0.018088193610310555,176.5646514892578
Deterministic,,120,MSE,0.018850771710276604,180.2480926513672
Deterministic,,121,MSE,0.0186487827450037,179.27980041503906
Deterministic,,122,MSE,0.01911678910255432,181.5154571533203
Deterministic,,123,MSE,0.019893387332558632,185.16567993164062
Deterministic,,124,MSE,0.020726628601551056,189.00376892089844
Deterministic,,125,MSE,0.019947906956076622,185.41925048828125
Deterministic,,126,MSE,0.017667684704065323,174.5001983642578
Deterministic,,127,MSE,0.017749713733792305,174.90484619140625
Deterministic,,128,MSE,0.018298979848623276,177.59043884277344
Deterministic,,129,MSE,0.017792167142033577,175.11386108398438
Deterministic,,130,MSE,0.017790989950299263,175.1080780029297
Deterministic,,131,MSE,0.017090676352381706,171.6270751953125
Deterministic,,132,MSE,0.018006497994065285,176.16546630859375
Deterministic,,133,MSE,0.01814279705286026,176.8309326171875
Deterministic,,134,MSE,0.020044080913066864,185.86569213867188
Deterministic,,135,MSE,0.018917733803391457,180.56796264648438
Deterministic,,136,MSE,0.016910860314965248,170.7218017578125
Deterministic,,137,MSE,0.017043648287653923,171.39076232910156
Deterministic,,138,MSE,0.01797099970281124,175.99171447753906
Deterministic,,139,MSE,0.017463264986872673,173.48776245117188
Deterministic,,140,MSE,0.017148694023489952,171.91812133789062
Deterministic,,141,MSE,0.01711299642920494,171.7390899658203
Deterministic,,142,MSE,0.01945485547184944,183.11338806152344
Deterministic,,143,MSE,0.01683768630027771,170.35205078125
Deterministic,,144,MSE,0.017691873013973236,174.61961364746094
Deterministic,,145,MSE,0.017531445249915123,173.8260955810547
Deterministic,,146,MSE,0.017564233392477036,173.9885711669922
Deterministic,,147,MSE,0.01829857937991619,177.58848571777344
Deterministic,,148,MSE,0.017504744231700897,173.6936798095703
Deterministic,,149,MSE,0.017903732135891914,175.6620330810547
Deterministic,,150,MSE,0.01773008704185486,174.80810546875
Deterministic,,151,MSE,0.018581509590148926,178.95614624023438
Deterministic,,152,MSE,0.01724715158343315,172.4109344482422
Deterministic,,153,MSE,0.017717136070132256,174.74424743652344
Deterministic,,154,MSE,0.016545232385396957,168.86611938476562
Deterministic,,155,MSE,0.016863182187080383,170.48097229003906
Deterministic,,156,MSE,0.017213473096489906,172.24252319335938
Deterministic,,157,MSE,0.016141200438141823,166.79153442382812
Deterministic,,158,MSE,0.01671142317354679,169.71212768554688
Deterministic,,159,MSE,0.01764635182917118,174.3948211669922
Deterministic,,160,MSE,0.018106848001480103,176.65565490722656
Deterministic,,161,MSE,0.01977367140352726,184.60768127441406
Deterministic,,162,MSE,0.015807975083589554,165.06092834472656
Deterministic,,163,MSE,0.017674537375569344,174.53404235839844
Deterministic,,164,MSE,0.016577456146478653,169.03048706054688
Deterministic,,165,MSE,0.016559425741434097,168.9385528564453
Deterministic,,166,MSE,0.017402302473783493,173.1846923828125
Deterministic,,167,MSE,0.01756472699344158,173.99102783203125
Deterministic,,168,MSE,0.020341288298368454,187.23858642578125
Deterministic,,169,MSE,0.01634194329380989,167.8255157470703
Deterministic,,170,MSE,0.016199978068470955,167.09495544433594
Deterministic,,171,MSE,0.017481334507465363,173.57749938964844
Deterministic,,172,MSE,0.016958314925432205,170.96116638183594
Deterministic,,173,MSE,0.017758412286639214,174.9476776123047
Deterministic,,174,MSE,0.017399277538061142,173.16964721679688
Deterministic,,175,MSE,0.01588871143758297,165.4818878173828
Deterministic,,176,MSE,0.016036832705140114,166.25144958496094
Deterministic,,177,MSE,0.01673843339085579,169.84921264648438
Deterministic,,178,MSE,0.016160696744918823,166.8922576904297
Deterministic,,179,MSE,0.015419152565300465,163.018310546875
Deterministic,,180,MSE,0.016632823273539543,169.3125457763672
Deterministic,,181,MSE,0.016060685738921165,166.3750457763672
Deterministic,,182,MSE,0.01679540053009987,170.13800048828125
Deterministic,,183,MSE,0.01646876335144043,168.47544860839844
Deterministic,,184,MSE,0.015785079449415207,164.94134521484375
Deterministic,,185,MSE,0.015979351475834846,165.95323181152344
Deterministic,,186,MSE,0.015744047239422798,164.72682189941406
Deterministic,,187,MSE,0.015401792712509632,162.926513671875
Deterministic,,188,MSE,0.016813114285469055,170.22769165039062
Deterministic,,189,MSE,0.01588483341038227,165.46170043945312
Deterministic,,190,MSE,0.015258005820214748,162.16421508789062
Deterministic,,191,MSE,0.015633735805749893,164.1487274169922
Deterministic,,192,MSE,0.016123201698064804,166.6985321044922
Deterministic,,193,MSE,0.015865152701735497,165.35914611816406
Deterministic,,194,MSE,0.017454730346798897,173.44537353515625
Deterministic,,195,MSE,0.01604039967060089,166.26992797851562
Deterministic,,196,MSE,0.015573670156300068,163.8330841064453
Deterministic,,197,MSE,0.015162705443799496,161.656982421875
Deterministic,,198,MSE,0.01576925255358219,164.85862731933594
Deterministic,,199,MSE,0.016709353774785995,169.7016143798828
Deterministic,,200,MSE,0.01561668049544096,164.05917358398438
Deterministic,,201,MSE,0.016080833971500397,166.4793701171875
Deterministic,,202,MSE,0.016368258744478226,167.96058654785156
Deterministic,,203,MSE,0.018591929227113724,179.00631713867188
Deterministic,,204,MSE,0.015042934566736221,161.01724243164062
Deterministic,,205,MSE,0.016292739659547806,167.57266235351562
Deterministic,,206,MSE,0.014427422545850277,157.6886749267578
Deterministic,,207,MSE,0.015316910110414028,162.47694396972656
Deterministic,,208,MSE,0.015971660614013672,165.9132843017578
Deterministic,,209,MSE,0.015608562156558037,164.01651000976562
Deterministic,,210,MSE,0.017221633344888687,172.28334045410156
Deterministic,,211,MSE,0.015867136418819427,165.3695068359375
Deterministic,,212,MSE,0.014886858873069286,160.1797637939453
Deterministic,,213,MSE,0.015238608233630657,162.06109619140625
Deterministic,,214,MSE,0.01758711226284504,174.1018524169922
Deterministic,,215,MSE,0.01525832712650299,162.16592407226562
Deterministic,,216,MSE,0.015565043315291405,163.78768920898438
Deterministic,,217,MSE,0.015422020107507706,163.03347778320312
Deterministic,,218,MSE,0.01436610147356987,157.35321044921875
Deterministic,,219,MSE,0.016039229929447174,166.2638702392578
Deterministic,,220,MSE,0.01581491157412529,165.0971221923828
Deterministic,,221,MSE,0.015245304442942142,162.09671020507812
Deterministic,,222,MSE,0.015486737713217735,163.37518310546875
Deterministic,,223,MSE,0.015580405481159687,163.86851501464844
Deterministic,,224,MSE,0.014807424508035183,159.75184631347656
Deterministic,,225,MSE,0.015613102354109287,164.04037475585938
Deterministic,,226,MSE,0.01649414375424385,168.60520935058594
Deterministic,,227,MSE,0.016580143943428993,169.044189453125
Deterministic,,228,MSE,0.01519914623349905,161.8511199951172
Deterministic,,229,MSE,0.014941684901714325,160.47447204589844
Deterministic,,230,MSE,0.014809764921665192,159.76446533203125
Deterministic,,231,MSE,0.01469593495130539,159.14932250976562
Deterministic,,232,MSE,0.015337647870182991,162.58688354492188
Deterministic,,233,MSE,0.01549041923135519,163.3946075439453
Deterministic,,234,MSE,0.014367790892720222,157.36245727539062
Deterministic,,235,MSE,0.015551014803349972,163.71388244628906
Deterministic,,236,MSE,0.015288684517145157,162.32716369628906
Deterministic,,237,MSE,0.014910311438143253,160.30589294433594
Deterministic,,238,MSE,0.015081054531037807,161.2211456298828
Deterministic,,239,MSE,0.015287197194993496,162.31927490234375
Deterministic,,240,MSE,0.014443389140069485,157.77590942382812
Deterministic,,241,MSE,0.015271683223545551,162.23687744140625
Deterministic,,242,MSE,0.015426251105964184,163.05581665039062
Deterministic,,243,MSE,0.014490341767668724,158.0321502685547
Deterministic,,244,MSE,0.015285871922969818,162.31222534179688
Deterministic,,245,MSE,0.015546312555670738,163.6891326904297
Deterministic,,246,MSE,0.014440592378377914,157.76063537597656
Deterministic,,247,MSE,0.016910377889871597,170.71937561035156
Deterministic,,248,MSE,0.015253670513629913,162.14117431640625
Deterministic,,249,MSE,0.01531714852899313,162.47821044921875
Deterministic,,250,MSE,0.014279540628194809,156.87843322753906
Deterministic,,251,MSE,0.01523567270487547,162.0454864501953
Deterministic,,252,MSE,0.015281056985259056,162.2866668701172
Deterministic,,253,MSE,0.014576581306755543,158.50172424316406
Deterministic,,254,MSE,0.014408435672521591,157.58486938476562
Deterministic,,255,MSE,0.014827016741037369,159.8574981689453
Deterministic,,256,MSE,0.014650936238467693,158.90545654296875
Deterministic,,257,MSE,0.013400101102888584,151.97080993652344
Deterministic,,258,MSE,0.014054694212973118,155.638427734375
Deterministic,,259,MSE,0.01697317510843277,171.0360565185547
Deterministic,,260,MSE,0.014575555920600891,158.49612426757812
Deterministic,,261,MSE,0.013894869945943356,154.75096130371094
Deterministic,,262,MSE,0.014363880269229412,157.34103393554688
Deterministic,,263,MSE,0.014687804505228996,159.1052703857422
Deterministic,,264,MSE,0.013683461584150791,153.56919860839844
Deterministic,,265,MSE,0.016145426779985428,166.81336975097656
Deterministic,,266,MSE,0.01588670164346695,165.47142028808594
Deterministic,,267,MSE,0.013284136541187763,151.31179809570312
Deterministic,,268,MSE,0.01466891448944807,159.00291442871094
Deterministic,,269,MSE,0.013307061977684498,151.4423065185547
Deterministic,,270,MSE,0.014075727201998234,155.75482177734375
Deterministic,,271,MSE,0.013524390757083893,152.67396545410156
Deterministic,,272,MSE,0.013187220320105553,150.7588348388672
Deterministic,,273,MSE,0.013928554952144623,154.9384307861328
Deterministic,,274,MSE,0.016803128644824028,170.1771240234375
Deterministic,,275,MSE,0.014016921631991863,155.42913818359375
Deterministic,,276,MSE,0.013963177800178528,155.13087463378906
Deterministic,,277,MSE,0.013976664282381535,155.20578002929688
Deterministic,,278,MSE,0.014813834801316261,159.7864227294922
Deterministic,,279,MSE,0.01569308340549469,164.45999145507812
Deterministic,,280,MSE,0.013898555189371109,154.77149963378906
Deterministic,,281,MSE,0.013297175988554955,151.3860321044922
Deterministic,,282,MSE,0.015329747460782528,162.5449981689453
Deterministic,,283,MSE,0.01460713054984808,158.667724609375
Deterministic,,284,MSE,0.0137792332097888,154.10568237304688
Deterministic,,285,MSE,0.014172283932566643,156.28814697265625
Deterministic,,286,MSE,0.013637673109769821,153.3120574951172
Deterministic,,287,MSE,0.01453713420778513,158.287109375
Deterministic,,288,MSE,0.01399054005742073,155.28280639648438
Deterministic,,289,MSE,0.014065648429095745,155.69906616210938
Deterministic,,290,MSE,0.014679543673992157,159.06053161621094
Deterministic,,291,MSE,0.013717123307287693,153.75796508789062
Deterministic,,292,MSE,0.013436195440590382,152.1753387451172
Deterministic,,293,MSE,0.013867616653442383,154.59913635253906
Deterministic,,294,MSE,0.012980802915990353,149.5742645263672
Deterministic,,295,MSE,0.013124476186931133,150.39974975585938
Deterministic,,296,MSE,0.014909769408404827,160.30299377441406
Deterministic,,297,MSE,0.01485062949359417,159.9847412109375
Deterministic,,298,MSE,0.01453707180917263,158.28677368164062
Deterministic,,299,MSE,0.01528949849307537,162.33148193359375
Deterministic,,300,MSE,0.013482307083904743,152.43624877929688
Single Gaussian,1,1,NLL,-0.7016875147819519,354.8060302734375
Single Gaussian,1,2,NLL,-0.8316205739974976,357.1505432128906
Single Gaussian,1,3,NLL,-0.7795693874359131,352.8067626953125
Single Gaussian,1,4,NLL,-1.0351155996322632,338.94500732421875
Single Gaussian,1,5,NLL,-0.966619074344635,337.73321533203125
Single Gaussian,1,6,NLL,-1.0542140007019043,337.0294494628906
Single Gaussian,1,7,NLL,-1.0157428979873657,331.7416687011719
Single Gaussian,1,8,NLL,-1.159015417098999,326.05072021484375
Single Gaussian,1,9,NLL,-1.1952948570251465,323.486328125
Single Gaussian,1,10,NLL,-1.1750749349594116,320.95196533203125
Single Gaussian,1,11,NLL,-1.260481595993042,323.3263854980469
Single Gaussian,1,12,NLL,-1.2158774137496948,319.5225524902344
Single Gaussian,1,13,NLL,-1.1803417205810547,317.1121520996094
Single Gaussian,1,14,NLL,-1.255301594734192,319.4739685058594
Single Gaussian,1,15,NLL,-1.2340694665908813,314.0202941894531
Single Gaussian,1,16,NLL,-1.1203680038452148,310.95928955078125
Single Gaussian,1,17,NLL,-1.314782977104187,308.1996765136719
Single Gaussian,1,18,NLL,-1.35567307472229,311.62567138671875
Single Gaussian,1,19,NLL,-1.2490615844726562,310.9398498535156
Single Gaussian,1,20,NLL,-1.2225525379180908,311.7012023925781
Single Gaussian,1,21,NLL,-1.3270680904388428,308.34478759765625
Single Gaussian,1,22,NLL,-1.3964859247207642,309.3799743652344
Single Gaussian,1,23,NLL,-1.369746208190918,304.6724853515625
Single Gaussian,1,24,NLL,-1.4173005819320679,306.510498046875
Single Gaussian,1,25,NLL,-1.0711183547973633,305.0370788574219
Single Gaussian,1,26,NLL,-1.386877417564392,303.9431457519531
Single Gaussian,1,27,NLL,-1.4610540866851807,305.7499694824219
Single Gaussian,1,28,NLL,-1.404775619506836,306.33349609375
Single Gaussian,1,29,NLL,-1.4140530824661255,306.2901916503906
Single Gaussian,1,30,NLL,-1.4342501163482666,302.4060363769531
Single Gaussian,1,31,NLL,-1.4674427509307861,298.7354736328125
Single Gaussian,1,32,NLL,-1.4840008020401,301.90435791015625
Single Gaussian,1,33,NLL,-1.3084841966629028,304.1985778808594
Single Gaussian,1,34,NLL,-1.424086332321167,301.58428955078125
Single Gaussian,1,35,NLL,-1.3951356410980225,299.3982849121094
Single Gaussian,1,36,NLL,-1.5383578538894653,302.2514953613281
Single Gaussian,1,37,NLL,-1.4283448457717896,302.8562316894531
Single Gaussian,1,38,NLL,-1.3301913738250732,299.23260498046875
Single Gaussian,1,39,NLL,-1.4833353757858276,298.90576171875
Single Gaussian,1,40,NLL,-1.5171202421188354,299.70660400390625
Single Gaussian,1,41,NLL,-1.5215574502944946,300.3289489746094
Single Gaussian,1,42,NLL,-1.5173414945602417,300.7176513671875
Single Gaussian,1,43,NLL,-1.485298991203308,301.9398498535156
Single Gaussian,1,44,NLL,-1.4832254648208618,302.3074035644531
Single Gaussian,1,45,NLL,-1.4417102336883545,300.5501708984375
Single Gaussian,1,46,NLL,-1.5428812503814697,298.4515686035156
Single Gaussian,1,47,NLL,-1.5129338502883911,300.47308349609375
Single Gaussian,1,48,NLL,-1.504296064376831,300.1026306152344
Single Gaussian,1,49,NLL,-1.3854378461837769,299.230224609375
Single Gaussian,1,50,NLL,-1.4871513843536377,297.3526611328125
Single Gaussian,1,51,NLL,-1.369322419166565,295.95361328125
Single Gaussian,1,52,NLL,-1.5546529293060303,294.2866516113281
Single Gaussian,1,53,NLL,-1.5843682289123535,300.98590087890625
Single Gaussian,1,54,NLL,-1.4957191944122314,299.14691162109375
Single Gaussian,1,55,NLL,-1.5111076831817627,295.01434326171875
Single Gaussian,1,56,NLL,-1.55683171749115,294.62261962890625
Single Gaussian,1,57,NLL,-1.4496897459030151,293.8917541503906
Single Gaussian,1,58,NLL,-1.5171844959259033,293.9623107910156
Single Gaussian,1,59,NLL,-1.6335279941558838,295.7245788574219
Single Gaussian,1,60,NLL,-1.5654467344284058,295.8030700683594
Single Gaussian,1,61,NLL,-1.5634665489196777,313.0021667480469
Single Gaussian,1,62,NLL,-1.6469327211380005,293.832763671875
Single Gaussian,1,63,NLL,-1.554039478302002,295.2519836425781
Single Gaussian,1,64,NLL,-1.540042519569397,297.3173522949219
Single Gaussian,1,65,NLL,-1.5661876201629639,298.417724609375
Single Gaussian,1,66,NLL,-1.6041643619537354,296.6314392089844
Single Gaussian,1,67,NLL,-1.585088849067688,294.37774658203125
Single Gaussian,1,68,NLL,-1.5501625537872314,294.9981994628906
Single Gaussian,1,69,NLL,-1.517513394355774,295.417236328125
Single Gaussian,1,70,NLL,-1.5707337856292725,293.9916687011719
Single Gaussian,1,71,NLL,-1.6410154104232788,295.336669921875
Single Gaussian,1,72,NLL,-1.6493512392044067,294.5472717285156
Single Gaussian,1,73,NLL,-1.6681419610977173,296.9300231933594
Single Gaussian,1,74,NLL,-1.6293396949768066,293.08642578125
Single Gaussian,1,75,NLL,-1.5720429420471191,291.5922546386719
Single Gaussian,1,76,NLL,-1.5883655548095703,293.4372253417969
Single Gaussian,1,77,NLL,-1.5761425495147705,296.0399169921875
Single Gaussian,1,78,NLL,-1.563385009765625,295.9884338378906
Single Gaussian,1,79,NLL,-1.624204158782959,295.6643981933594
Single Gaussian,1,80,NLL,-1.6756511926651,292.9644775390625
Single Gaussian,1,81,NLL,-1.6708132028579712,294.9342041015625
Single Gaussian,1,82,NLL,-1.6486247777938843,291.2076721191406
Single Gaussian,1,83,NLL,-1.602826476097107,290.8443908691406
Single Gaussian,1,84,NLL,-1.6751394271850586,293.46502685546875
Single Gaussian,1,85,NLL,-1.703224539756775,290.06231689453125
Single Gaussian,1,86,NLL,-1.5619364976882935,297.9554138183594
Single Gaussian,1,87,NLL,-1.6911468505859375,289.7626037597656
Single Gaussian,1,88,NLL,-1.6243058443069458,294.0161437988281
Single Gaussian,1,89,NLL,-1.6232285499572754,290.4800720214844
Single Gaussian,1,90,NLL,-1.4076125621795654,289.3077087402344
Single Gaussian,1,91,NLL,-1.6853638887405396,294.7018737792969
Single Gaussian,1,92,NLL,-1.6519888639450073,291.8968811035156
Single Gaussian,1,93,NLL,-1.685819149017334,292.0499267578125
Single Gaussian,1,94,NLL,-1.6902897357940674,290.5364074707031
Single Gaussian,1,95,NLL,-1.6434180736541748,291.8984069824219
Single Gaussian,1,96,NLL,-1.703637957572937,291.1114196777344
Single Gaussian,1,97,NLL,-1.7102313041687012,289.69512939453125
Single Gaussian,1,98,NLL,-1.5965051651000977,290.62335205078125
Single Gaussian,1,99,NLL,-1.696260690689087,292.6376953125
Single Gaussian,1,100,NLL,-1.6887257099151611,290.98614501953125
Single Gaussian,1,101,NLL,-1.7175796031951904,291.118408203125
Single Gaussian,1,102,NLL,-1.6301974058151245,290.8039855957031
Single Gaussian,1,103,NLL,-1.7142701148986816,291.6867980957031
Single Gaussian,1,104,NLL,-1.691838026046753,292.05352783203125
Single Gaussian,1,105,NLL,-1.6168478727340698,290.8060607910156
Single Gaussian,1,106,NLL,-1.7185639142990112,292.7830505371094
Single Gaussian,1,107,NLL,-1.7377277612686157,289.207275390625
Single Gaussian,1,108,NLL,-1.7079356908798218,289.7358703613281
Single Gaussian,1,109,NLL,-1.5487385988235474,297.296630859375
Single Gaussian,1,110,NLL,-1.6899266242980957,287.65789794921875
Single Gaussian,1,111,NLL,-1.7341161966323853,295.0169372558594
Single Gaussian,1,112,NLL,-1.6895829439163208,288.411376953125
Single Gaussian,1,113,NLL,-1.6956696510314941,289.2669677734375
Single Gaussian,1,114,NLL,-1.7757307291030884,294.96099853515625
Single Gaussian,1,115,NLL,-1.546905755996704,291.601318359375
Single Gaussian,1,116,NLL,-1.7413259744644165,291.9060363769531
Single Gaussian,1,117,NLL,-1.506783366203308,285.99200439453125
Single Gaussian,1,118,NLL,-1.728421688079834,288.5269470214844
Single Gaussian,1,119,NLL,-1.7366578578948975,293.1517028808594
Single Gaussian,1,120,NLL,-1.7105084657669067,289.2489318847656
Single Gaussian,1,121,NLL,-1.746160626411438,288.1862487792969
Single Gaussian,1,122,NLL,-1.7500563859939575,291.61016845703125
Single Gaussian,1,123,NLL,-1.7254682779312134,291.6590270996094
Single Gaussian,1,124,NLL,-1.7658116817474365,291.0538024902344
Single Gaussian,1,125,NLL,-1.775475263595581,291.6568298339844
Single Gaussian,1,126,NLL,-1.7817033529281616,287.1673583984375
Single Gaussian,1,127,NLL,-1.758211374282837,289.1753234863281
Single Gaussian,1,128,NLL,-1.7395023107528687,289.6158752441406
Single Gaussian,1,129,NLL,-1.638336181640625,289.7243347167969
Single Gaussian,1,130,NLL,-1.7777764797210693,286.9141845703125
Single Gaussian,1,131,NLL,-1.7441757917404175,288.93701171875
Single Gaussian,1,132,NLL,-1.7509613037109375,293.0632629394531
Single Gaussian,1,133,NLL,-1.7941662073135376,286.5497741699219
Single Gaussian,1,134,NLL,-1.7864426374435425,288.5035400390625
Single Gaussian,1,135,NLL,-1.7770851850509644,291.00396728515625
Single Gaussian,1,136,NLL,-1.1060491800308228,289.0739440917969
Single Gaussian,1,137,NLL,-1.7790545225143433,291.1907043457031
Single Gaussian,1,138,NLL,-1.6026370525360107,292.3089599609375
Single Gaussian,1,139,NLL,-1.7045207023620605,291.1512145996094
Single Gaussian,1,140,NLL,-1.670374870300293,289.38165283203125
Single Gaussian,1,141,NLL,-1.747876763343811,288.0087890625
Single Gaussian,1,142,NLL,-1.775852918624878,287.56146240234375
Single Gaussian,1,143,NLL,-1.7110576629638672,286.5284729003906
Single Gaussian,1,144,NLL,-1.7746315002441406,290.1089782714844
Single Gaussian,1,145,NLL,-1.627701997756958,288.41058349609375
Single Gaussian,1,146,NLL,-1.8348016738891602,288.41583251953125
Single Gaussian,1,147,NLL,-1.7970203161239624,290.36993408203125
Single Gaussian,1,148,NLL,-1.7227760553359985,287.2304382324219
Single Gaussian,1,149,NLL,-1.7086005210876465,291.5671081542969
Single Gaussian,1,150,NLL,-1.7655963897705078,291.2593078613281
Single Gaussian,1,151,NLL,-1.7727869749069214,286.4346008300781
Single Gaussian,1,152,NLL,-1.7484183311462402,286.2986145019531
Single Gaussian,1,153,NLL,-1.8171955347061157,289.3106689453125
Single Gaussian,1,154,NLL,-1.4869214296340942,288.17901611328125
Single Gaussian,1,155,NLL,-1.7692540884017944,290.289794921875
Single Gaussian,1,156,NLL,-1.8062102794647217,287.2942810058594
Single Gaussian,1,157,NLL,-1.7835533618927002,289.27032470703125
Single Gaussian,1,158,NLL,-1.8401622772216797,291.0886535644531
Single Gaussian,1,159,NLL,-1.7848435640335083,291.5433044433594
Single Gaussian,1,160,NLL,-1.53114914894104,290.7996520996094
Single Gaussian,1,161,NLL,-1.8033612966537476,285.6979064941406
Single Gaussian,1,162,NLL,-1.719700813293457,289.17791748046875
Single Gaussian,1,163,NLL,-1.8332213163375854,287.7704162597656
Single Gaussian,1,164,NLL,-1.7940946817398071,291.4609375
Single Gaussian,1,165,NLL,-1.775099754333496,288.8519592285156
Single Gaussian,1,166,NLL,-1.8368561267852783,291.74554443359375
Single Gaussian,1,167,NLL,-1.50676429271698,289.7858581542969
Single Gaussian,1,168,NLL,-1.7580405473709106,292.35888671875
Single Gaussian,1,169,NLL,-1.863503098487854,288.751220703125
Single Gaussian,1,170,NLL,-1.7339410781860352,291.5680236816406
Single Gaussian,1,171,NLL,-1.8168754577636719,288.6357421875
Single Gaussian,1,172,NLL,-1.8530452251434326,288.77447509765625
Single Gaussian,1,173,NLL,-1.872192621231079,290.4193115234375
Single Gaussian,1,174,NLL,-1.8349723815917969,290.95623779296875
Single Gaussian,1,175,NLL,-1.8106411695480347,288.6959533691406
Single Gaussian,1,176,NLL,-1.5967291593551636,290.9667053222656
Single Gaussian,1,177,NLL,-1.8224684000015259,291.37164306640625
Single Gaussian,1,178,NLL,-1.834522008895874,285.47943115234375
Single Gaussian,1,179,NLL,-1.844161868095398,289.2156982421875
Single Gaussian,1,180,NLL,-1.8594399690628052,289.7607116699219
Single Gaussian,1,181,NLL,-1.691676378250122,299.3374938964844
Single Gaussian,1,182,NLL,-1.836991548538208,290.67523193359375
Single Gaussian,1,183,NLL,-1.8410218954086304,293.3173522949219
Single Gaussian,1,184,NLL,-1.8495229482650757,289.8342590332031
Single Gaussian,1,185,NLL,-1.6814444065093994,287.6810607910156
Single Gaussian,1,186,NLL,-1.813040018081665,289.1519470214844
Single Gaussian,1,187,NLL,-1.8605531454086304,284.62591552734375
Single Gaussian,1,188,NLL,-1.8757731914520264,289.1664123535156
Single Gaussian,1,189,NLL,-1.77314031124115,289.70556640625
Single Gaussian,1,190,NLL,-1.6463019847869873,288.90362548828125
Single Gaussian,1,191,NLL,-1.8015148639678955,294.1694641113281
Single Gaussian,1,192,NLL,-1.85590398311615,290.9881591796875
Single Gaussian,1,193,NLL,-1.8086892366409302,291.7816162109375
Single Gaussian,1,194,NLL,-1.7928929328918457,290.33868408203125
Single Gaussian,1,195,NLL,-1.8587496280670166,290.9211730957031
Single Gaussian,1,196,NLL,-1.8989561796188354,290.7152099609375
Single Gaussian,1,197,NLL,-1.8502854108810425,293.0281677246094
Single Gaussian,1,198,NLL,-1.844081997871399,288.1078186035156
Single Gaussian,1,199,NLL,-1.844293475151062,290.2218933105469
Single Gaussian,1,200,NLL,-1.6588860750198364,303.1310119628906
Single Gaussian,1,201,NLL,-1.863333821296692,292.3660888671875
Single Gaussian,1,202,NLL,-1.818028450012207,291.13153076171875
Single Gaussian,1,203,NLL,-1.8636244535446167,292.0924072265625
Single Gaussian,1,204,NLL,-1.7425841093063354,290.23724365234375
Single Gaussian,1,205,NLL,-1.8377758264541626,289.5703125
Single Gaussian,1,206,NLL,-1.8885027170181274,291.7884216308594
Single Gaussian,1,207,NLL,-1.8854795694351196,288.3973083496094
Single Gaussian,1,208,NLL,-1.9074232578277588,289.0830993652344
Single Gaussian,1,209,NLL,-1.7909777164459229,297.69830322265625
Single Gaussian,1,210,NLL,-1.8449084758758545,291.6134033203125
Single Gaussian,1,211,NLL,-1.6845911741256714,289.5351867675781
Single Gaussian,1,212,NLL,-1.8811540603637695,289.68914794921875
Single Gaussian,1,213,NLL,-1.933807134628296,288.9144287109375
Single Gaussian,1,214,NLL,-1.7678498029708862,288.4303283691406
Single Gaussian,1,215,NLL,-1.8897517919540405,292.1579284667969
Single Gaussian,1,216,NLL,-1.8420859575271606,289.5263366699219
Single Gaussian,1,217,NLL,-1.8793573379516602,287.0408935546875
Single Gaussian,1,218,NLL,-1.72551691532135,288.9688415527344
Single Gaussian,1,219,NLL,-1.683314323425293,289.23724365234375
Single Gaussian,1,220,NLL,-1.7517262697219849,288.283935546875
Single Gaussian,1,221,NLL,-1.8701927661895752,293.3824768066406
Single Gaussian,1,222,NLL,-1.8089089393615723,287.5543212890625
Single Gaussian,1,223,NLL,-1.9137351512908936,287.26959228515625
Single Gaussian,1,224,NLL,-1.7029777765274048,285.48583984375
Single Gaussian,1,225,NLL,-1.7963323593139648,289.90789794921875
Single Gaussian,1,226,NLL,-1.8968353271484375,289.8060607910156
Single Gaussian,1,227,NLL,-1.902055263519287,286.1598815917969
Single Gaussian,1,228,NLL,-1.8723384141921997,290.4222717285156
Single Gaussian,1,229,NLL,-1.8759320974349976,290.6191101074219
Single Gaussian,1,230,NLL,-1.9346750974655151,289.02313232421875
Single Gaussian,1,231,NLL,-1.7838014364242554,289.48724365234375
Single Gaussian,1,232,NLL,-1.8821899890899658,289.17535400390625
Single Gaussian,1,233,NLL,-1.8876216411590576,294.2161865234375
Single Gaussian,1,234,NLL,-1.8063479661941528,282.54974365234375
Single Gaussian,1,235,NLL,-1.8445237874984741,288.6918640136719
Single Gaussian,1,236,NLL,-1.8421695232391357,291.4290771484375
Single Gaussian,1,237,NLL,-1.860522985458374,285.1780090332031
Single Gaussian,1,238,NLL,-1.906551480293274,287.8169860839844
Single Gaussian,1,239,NLL,-1.8833142518997192,292.69232177734375
Single Gaussian,1,240,NLL,-1.8324857950210571,290.0899963378906
Single Gaussian,1,241,NLL,-1.8374096155166626,285.738525390625
Single Gaussian,1,242,NLL,-1.8862788677215576,287.9290466308594
Single Gaussian,1,243,NLL,-1.9056057929992676,287.52752685546875
Single Gaussian,1,244,NLL,-1.8517917394638062,293.4212646484375
Single Gaussian,1,245,NLL,-1.9156898260116577,288.9859619140625
Single Gaussian,1,246,NLL,-1.8332905769348145,290.049072265625
Single Gaussian,1,247,NLL,-1.9169703722000122,288.0908203125
Single Gaussian,1,248,NLL,-1.8495113849639893,284.4309997558594
Single Gaussian,1,249,NLL,-1.9278019666671753,289.9379577636719
Single Gaussian,1,250,NLL,-1.8249469995498657,298.18841552734375
Single Gaussian,1,251,NLL,-1.290224313735962,291.2760314941406
Single Gaussian,1,252,NLL,-1.820299744606018,294.0978698730469
Single Gaussian,1,253,NLL,-1.9600714445114136,287.4308776855469
Single Gaussian,1,254,NLL,-1.888189435005188,286.4915466308594
Single Gaussian,1,255,NLL,-1.8717527389526367,289.6426696777344
Single Gaussian,1,256,NLL,-1.8600355386734009,285.5219421386719
Single Gaussian,1,257,NLL,-1.9226981401443481,286.620849609375
Single Gaussian,1,258,NLL,-1.8361456394195557,287.12017822265625
Single Gaussian,1,259,NLL,-1.9363597631454468,290.74261474609375
Single Gaussian,1,260,NLL,-1.9181195497512817,290.9822692871094
Single Gaussian,1,261,NLL,-1.9121242761611938,288.01318359375
Single Gaussian,1,262,NLL,-1.9195945262908936,290.52996826171875
Single Gaussian,1,263,NLL,-1.9477823972702026,291.7818908691406
Single Gaussian,1,264,NLL,-1.890518307685852,288.7815856933594
Single Gaussian,1,265,NLL,-1.9629472494125366,291.91302490234375
Single Gaussian,1,266,NLL,-1.9024685621261597,288.28765869140625
Single Gaussian,1,267,NLL,-1.9181976318359375,289.7323303222656
Single Gaussian,1,268,NLL,-1.9762030839920044,283.45745849609375
Single Gaussian,1,269,NLL,-1.8769978284835815,287.7112731933594
Single Gaussian,1,270,NLL,-1.9249018430709839,284.0597229003906
Single Gaussian,1,271,NLL,-1.764237403869629,290.32574462890625
Single Gaussian,1,272,NLL,-1.8928463459014893,291.7853088378906
Single Gaussian,1,273,NLL,-1.8763859272003174,287.0630798339844
Single Gaussian,1,274,NLL,-1.9181183576583862,285.85772705078125
Single Gaussian,1,275,NLL,-1.9669642448425293,291.7740173339844
Single Gaussian,1,276,NLL,-1.9619803428649902,288.3842468261719
Single Gaussian,1,277,NLL,-1.9415467977523804,289.656005859375
Single Gaussian,1,278,NLL,-1.95732581615448,291.4743957519531
Single Gaussian,1,279,NLL,-1.8035945892333984,289.0986633300781
Single Gaussian,1,280,NLL,-1.9032490253448486,290.0174865722656
Single Gaussian,1,281,NLL,-1.9082887172698975,288.64398193359375
Single Gaussian,1,282,NLL,-1.9331398010253906,290.57989501953125
Single Gaussian,1,283,NLL,-1.984019160270691,294.07318115234375
Single Gaussian,1,284,NLL,-1.9501827955245972,289.9362487792969
Single Gaussian,1,285,NLL,-1.9148579835891724,291.51385498046875
Single Gaussian,1,286,NLL,-1.960350751876831,291.9749755859375
Single Gaussian,1,287,NLL,-1.8277407884597778,289.9078063964844
Single Gaussian,1,288,NLL,-1.939157247543335,288.0916748046875
Single Gaussian,1,289,NLL,-1.7250902652740479,289.5265808105469
Single Gaussian,1,290,NLL,-1.9574687480926514,287.4012756347656
Single Gaussian,1,291,NLL,-1.9227116107940674,290.1236877441406
Single Gaussian,1,292,NLL,-1.983398675918579,289.84564208984375
Single Gaussian,1,293,NLL,-1.9264662265777588,287.7645263671875
Single Gaussian,1,294,NLL,-1.9883167743682861,287.0745849609375
Single Gaussian,1,295,NLL,-1.9777027368545532,290.39422607421875
Single Gaussian,1,296,NLL,-1.9752626419067383,288.11614990234375
Single Gaussian,1,297,NLL,-1.8937230110168457,289.6241760253906
Single Gaussian,1,298,NLL,-1.9760874509811401,289.9566345214844
Single Gaussian,1,299,NLL,-1.8641246557235718,290.77740478515625
Single Gaussian,1,300,NLL,-1.9311907291412354,289.54241943359375
MDN,2,1,NLL,-0.8067346215248108,356.9207458496094
MDN,2,2,NLL,-1.1238659620285034,334.98492431640625
MDN,2,3,NLL,-1.2996693849563599,329.6426696777344
MDN,2,4,NLL,-1.386657476425171,327.6222839355469
MDN,2,5,NLL,-1.4533885717391968,325.6100769042969
MDN,2,6,NLL,-1.5124425888061523,318.6714782714844
MDN,2,7,NLL,-1.472875952720642,318.6771240234375
MDN,2,8,NLL,-1.542622447013855,313.9872131347656
MDN,2,9,NLL,-1.2343332767486572,319.2882080078125
MDN,2,10,NLL,-1.5143429040908813,310.73187255859375
MDN,2,11,NLL,-1.5716116428375244,309.9037170410156
MDN,2,12,NLL,-1.624912977218628,309.3689270019531
MDN,2,13,NLL,-1.5529298782348633,313.0578308105469
MDN,2,14,NLL,-1.6254074573516846,305.06451416015625
MDN,2,15,NLL,-1.5742557048797607,303.30084228515625
MDN,2,16,NLL,-1.5157827138900757,302.06268310546875
MDN,2,17,NLL,-1.6596258878707886,301.8910827636719
MDN,2,18,NLL,-1.6355969905853271,297.6798095703125
MDN,2,19,NLL,-1.6980754137039185,299.03326416015625
MDN,2,20,NLL,-1.7014787197113037,297.6556701660156
MDN,2,21,NLL,-1.5606695413589478,298.4813232421875
MDN,2,22,NLL,-1.6678736209869385,293.76324462890625
MDN,2,23,NLL,-1.1541169881820679,302.8356628417969
MDN,2,24,NLL,-1.6368911266326904,298.89068603515625
MDN,2,25,NLL,-1.7295403480529785,297.47943115234375
MDN,2,26,NLL,-1.5792250633239746,290.99554443359375
MDN,2,27,NLL,-1.6811892986297607,293.020263671875
MDN,2,28,NLL,-1.8069087266921997,291.7373352050781
MDN,2,29,NLL,-1.5788853168487549,291.0152587890625
MDN,2,30,NLL,-1.7123324871063232,287.8183898925781
MDN,2,31,NLL,-1.6315052509307861,290.4335021972656
MDN,2,32,NLL,-1.7971783876419067,291.4090270996094
MDN,2,33,NLL,-1.8126410245895386,281.64923095703125
MDN,2,34,NLL,-1.6795313358306885,284.0667724609375
MDN,2,35,NLL,-1.6328718662261963,279.9146728515625
MDN,2,36,NLL,-1.7451326847076416,289.26531982421875
MDN,2,37,NLL,-1.616553783416748,287.50421142578125
MDN,2,38,NLL,-1.7903032302856445,277.6546325683594
MDN,2,39,NLL,-1.574517011642456,280.15106201171875
MDN,2,40,NLL,-1.8147588968276978,290.2092590332031
MDN,2,41,NLL,-1.8026520013809204,276.1446838378906
MDN,2,42,NLL,-1.8056633472442627,276.18719482421875
MDN,2,43,NLL,-1.6695311069488525,284.5969543457031
MDN,2,44,NLL,-1.8537193536758423,270.6046447753906
MDN,2,45,NLL,-1.7094578742980957,274.1722412109375
MDN,2,46,NLL,-1.7608401775360107,275.70831298828125
MDN,2,47,NLL,-1.7089499235153198,269.8961181640625
MDN,2,48,NLL,-1.88523268699646,265.0172424316406
MDN,2,49,NLL,-1.758786916732788,267.63824462890625
MDN,2,50,NLL,-1.8345301151275635,275.64093017578125
MDN,2,51,NLL,-1.7673933506011963,271.09649658203125
MDN,2,52,NLL,-1.8476009368896484,260.2941589355469
MDN,2,53,NLL,-1.8760238885879517,261.2752990722656
MDN,2,54,NLL,-1.798040747642517,263.7550048828125
MDN,2,55,NLL,-1.9037147760391235,264.6264953613281
MDN,2,56,NLL,-1.8630284070968628,264.09588623046875
MDN,2,57,NLL,-1.9290224313735962,260.63714599609375
MDN,2,58,NLL,-1.7320572137832642,263.22210693359375
MDN,2,59,NLL,-1.8323228359222412,265.4639892578125
MDN,2,60,NLL,-1.9291471242904663,261.83447265625
MDN,2,61,NLL,-1.9322837591171265,251.61045837402344
MDN,2,62,NLL,-1.7968896627426147,251.9984893798828
MDN,2,63,NLL,-1.9245433807373047,253.7327117919922
MDN,2,64,NLL,-1.9258332252502441,252.20843505859375
MDN,2,65,NLL,-1.9006314277648926,252.9741668701172
MDN,2,66,NLL,-1.9170113801956177,255.571533203125
MDN,2,67,NLL,-1.959162950515747,266.66766357421875
MDN,2,68,NLL,-1.8564963340759277,244.80178833007812
MDN,2,69,NLL,-1.9273825883865356,247.04324340820312
MDN,2,70,NLL,-1.8576557636260986,248.96290588378906
MDN,2,71,NLL,-1.9729830026626587,242.6563262939453
MDN,2,72,NLL,-1.9857513904571533,242.85272216796875
MDN,2,73,NLL,-1.971824049949646,245.97039794921875
MDN,2,74,NLL,-1.9195951223373413,242.0122528076172
MDN,2,75,NLL,-1.855636477470398,258.5439453125
MDN,2,76,NLL,-1.9386554956436157,239.0098114013672
MDN,2,77,NLL,-1.994611382484436,247.83724975585938
MDN,2,78,NLL,-1.9188799858093262,251.11074829101562
MDN,2,79,NLL,-1.9330607652664185,247.7071075439453
MDN,2,80,NLL,-1.955652117729187,247.59439086914062
MDN,2,81,NLL,-1.9701459407806396,246.4147491455078
MDN,2,82,NLL,-1.974299430847168,249.52603149414062
MDN,2,83,NLL,-1.4735872745513916,246.51309204101562
MDN,2,84,NLL,-1.7829116582870483,236.9658660888672
MDN,2,85,NLL,-1.722350835800171,239.1216583251953
MDN,2,86,NLL,-1.9448765516281128,235.63238525390625
MDN,2,87,NLL,-1.9969638586044312,245.2058868408203
MDN,2,88,NLL,-1.9886136054992676,238.5367431640625
MDN,2,89,NLL,-1.9709064960479736,235.65159606933594
MDN,2,90,NLL,-1.9408329725265503,251.77069091796875
MDN,2,91,NLL,-1.8553318977355957,247.21995544433594
MDN,2,92,NLL,-1.9390088319778442,236.34808349609375
MDN,2,93,NLL,-2.0138766765594482,236.5779266357422
MDN,2,94,NLL,-1.8763999938964844,252.6580810546875
MDN,2,95,NLL,-1.9704508781433105,256.0808410644531
MDN,2,96,NLL,-1.9740365743637085,236.36422729492188
MDN,2,97,NLL,-2.032932758331299,236.4102783203125
MDN,2,98,NLL,-1.935211181640625,236.08770751953125
MDN,2,99,NLL,-1.9602888822555542,234.34609985351562
MDN,2,100,NLL,-2.006399393081665,233.86891174316406
MDN,2,101,NLL,-1.6106467247009277,235.54493713378906
MDN,2,102,NLL,-1.9764026403427124,229.8243865966797
MDN,2,103,NLL,-2.0535430908203125,231.1995086669922
MDN,2,104,NLL,-1.8741724491119385,236.89730834960938
MDN,2,105,NLL,-1.917180061340332,230.66989135742188
MDN,2,106,NLL,-2.0406951904296875,227.54629516601562
MDN,2,107,NLL,-2.0274159908294678,235.5750732421875
MDN,2,108,NLL,-1.8996148109436035,231.6560821533203
MDN,2,109,NLL,-1.9896095991134644,226.7157440185547
MDN,2,110,NLL,-2.0387942790985107,225.7881317138672
MDN,2,111,NLL,-2.0254485607147217,232.32275390625
MDN,2,112,NLL,-2.0504403114318848,241.69046020507812
MDN,2,113,NLL,-2.0300474166870117,228.57827758789062
MDN,2,114,NLL,-1.9751062393188477,232.66268920898438
MDN,2,115,NLL,-2.019768476486206,225.46348571777344
MDN,2,116,NLL,-2.087974786758423,223.4395751953125
MDN,2,117,NLL,-2.078824281692505,226.59368896484375
MDN,2,118,NLL,-1.9015038013458252,229.71356201171875
MDN,2,119,NLL,-2.0520567893981934,224.1759796142578
MDN,2,120,NLL,-2.027855157852173,224.83221435546875
MDN,2,121,NLL,-2.0922200679779053,225.349365234375
MDN,2,122,NLL,-2.0763609409332275,221.8550262451172
MDN,2,123,NLL,-2.0739572048187256,224.59312438964844
MDN,2,124,NLL,-2.0107715129852295,223.51589965820312
MDN,2,125,NLL,-2.0453803539276123,224.50711059570312
MDN,2,126,NLL,-1.846587896347046,238.8763427734375
MDN,2,127,NLL,-2.0396106243133545,235.7874298095703
MDN,2,128,NLL,-1.9894435405731201,226.32406616210938
MDN,2,129,NLL,-2.0952606201171875,222.07150268554688
MDN,2,130,NLL,-1.980494499206543,234.01498413085938
MDN,2,131,NLL,-2.0090620517730713,230.97874450683594
MDN,2,132,NLL,-1.9448691606521606,216.4439697265625
MDN,2,133,NLL,-2.0549156665802,226.1950225830078
MDN,2,134,NLL,-2.095797300338745,218.2068634033203
MDN,2,135,NLL,-2.0566418170928955,218.72225952148438
MDN,2,136,NLL,-2.0663669109344482,221.2590789794922
MDN,2,137,NLL,-1.8951979875564575,225.1986541748047
MDN,2,138,NLL,-1.954662799835205,227.61473083496094
MDN,2,139,NLL,-2.057436227798462,217.59722900390625
MDN,2,140,NLL,-1.9083691835403442,223.0709686279297
MDN,2,141,NLL,-2.046377420425415,221.9464111328125
MDN,2,142,NLL,-2.065661907196045,226.371826171875
MDN,2,143,NLL,-2.081185817718506,228.05322265625
MDN,2,144,NLL,-2.0575778484344482,227.02969360351562
MDN,2,145,NLL,-2.1382110118865967,216.459716796875
MDN,2,146,NLL,-2.058807849884033,227.19593811035156
MDN,2,147,NLL,-1.8751577138900757,225.65113830566406
MDN,2,148,NLL,-2.128135919570923,217.962646484375
MDN,2,149,NLL,-2.015443801879883,218.7457275390625
MDN,2,150,NLL,-1.8756887912750244,222.60287475585938
MDN,2,151,NLL,-2.093186616897583,222.53106689453125
MDN,2,152,NLL,-2.071751356124878,219.56814575195312
MDN,2,153,NLL,-2.1171557903289795,220.42617797851562
MDN,2,154,NLL,-1.9817445278167725,219.1942901611328
MDN,2,155,NLL,-2.078575611114502,216.41868591308594
MDN,2,156,NLL,-2.1356418132781982,217.4405975341797
MDN,2,157,NLL,-1.9879248142242432,216.1110076904297
MDN,2,158,NLL,-2.1400907039642334,217.07113647460938
MDN,2,159,NLL,-2.0629730224609375,215.16201782226562
MDN,2,160,NLL,-2.0554802417755127,212.69509887695312
MDN,2,161,NLL,-2.138737201690674,222.14459228515625
MDN,2,162,NLL,-2.1449532508850098,215.10560607910156
MDN,2,163,NLL,-2.1010258197784424,227.24366760253906
MDN,2,164,NLL,-2.114381790161133,211.93617248535156
MDN,2,165,NLL,-2.071641445159912,208.84185791015625
MDN,2,166,NLL,-2.062619686126709,218.3483123779297
MDN,2,167,NLL,-1.9706987142562866,219.51564025878906
MDN,2,168,NLL,-2.097529888153076,230.079345703125
MDN,2,169,NLL,-2.1532065868377686,219.43975830078125
MDN,2,170,NLL,-2.1420645713806152,211.64830017089844
MDN,2,171,NLL,-1.924978256225586,219.2020721435547
MDN,2,172,NLL,-1.9006081819534302,224.2888641357422
MDN,2,173,NLL,-2.010103940963745,211.6569061279297
MDN,2,174,NLL,-1.9278762340545654,212.01156616210938
MDN,2,175,NLL,-1.985952377319336,222.9901580810547
MDN,2,176,NLL,-2.007734537124634,213.9079132080078
MDN,2,177,NLL,-2.0527749061584473,215.23629760742188
MDN,2,178,NLL,-1.980454444885254,211.0393524169922
MDN,2,179,NLL,-1.8970104455947876,225.90841674804688
MDN,2,180,NLL,-2.0684494972229004,213.84913635253906
MDN,2,181,NLL,-2.072075366973877,213.1359100341797
MDN,2,182,NLL,-2.12532114982605,215.0474395751953
MDN,2,183,NLL,-2.1046712398529053,209.81907653808594
MDN,2,184,NLL,-2.0503368377685547,210.0897979736328
MDN,2,185,NLL,-2.0703094005584717,213.90545654296875
MDN,2,186,NLL,-1.9643373489379883,212.22360229492188
MDN,2,187,NLL,-1.9897125959396362,209.24440002441406
MDN,2,188,NLL,-2.0983762741088867,231.92642211914062
MDN,2,189,NLL,-1.7875580787658691,211.48587036132812
MDN,2,190,NLL,-2.0271387100219727,209.4473876953125
MDN,2,191,NLL,-2.0479938983917236,209.9953155517578
MDN,2,192,NLL,-2.070260524749756,213.98391723632812
MDN,2,193,NLL,-1.5313915014266968,213.5497283935547
MDN,2,194,NLL,-1.9859472513198853,217.06466674804688
MDN,2,195,NLL,-2.071624994277954,217.22962951660156
MDN,2,196,NLL,-2.0217466354370117,213.011474609375
MDN,2,197,NLL,-2.114135503768921,208.15255737304688
MDN,2,198,NLL,-2.0477025508880615,221.90089416503906
MDN,2,199,NLL,-2.043245553970337,213.60362243652344
MDN,2,200,NLL,-2.0493128299713135,216.48031616210938
MDN,2,201,NLL,-2.0849859714508057,207.02098083496094
MDN,2,202,NLL,-2.039731979370117,203.87841796875
MDN,2,203,NLL,-1.7638651132583618,207.82546997070312
MDN,2,204,NLL,-2.107198476791382,205.55523681640625
MDN,2,205,NLL,-2.0784149169921875,205.591064453125
MDN,2,206,NLL,-1.9785740375518799,211.32366943359375
MDN,2,207,NLL,-1.5997706651687622,212.0027313232422
MDN,2,208,NLL,-2.079702377319336,212.39498901367188
MDN,2,209,NLL,-1.9871487617492676,206.699951171875
MDN,2,210,NLL,-1.8373394012451172,282.5282897949219
MDN,2,211,NLL,-1.9555655717849731,216.88308715820312
MDN,2,212,NLL,-2.0857551097869873,204.38958740234375
MDN,2,213,NLL,-2.045470714569092,205.69761657714844
MDN,2,214,NLL,-2.000378131866455,215.91534423828125
MDN,2,215,NLL,-2.0437254905700684,215.02207946777344
MDN,2,216,NLL,-2.0394222736358643,213.32044982910156
MDN,2,217,NLL,-2.115739107131958,203.0838165283203
MDN,2,218,NLL,-1.9056482315063477,207.84173583984375
MDN,2,219,NLL,-2.1334478855133057,201.4696807861328
MDN,2,220,NLL,-2.06225848197937,205.62677001953125
MDN,2,221,NLL,-2.0612034797668457,202.95028686523438
MDN,2,222,NLL,-1.988498330116272,215.05767822265625
MDN,2,223,NLL,-2.0612735748291016,212.3724365234375
MDN,2,224,NLL,-1.7853764295578003,207.0861053466797
MDN,2,225,NLL,-2.066368579864502,212.16143798828125
MDN,2,226,NLL,-1.9939243793487549,222.9748992919922
MDN,2,227,NLL,-2.0801377296447754,206.32958984375
MDN,2,228,NLL,-2.0569584369659424,200.75054931640625
MDN,2,229,NLL,-2.0606353282928467,210.38462829589844
MDN,2,230,NLL,-2.0389864444732666,218.346435546875
MDN,2,231,NLL,-2.089679479598999,211.32334899902344
MDN,2,232,NLL,-1.9923810958862305,203.247802734375
MDN,2,233,NLL,-2.067127227783203,215.06381225585938
MDN,2,234,NLL,-2.106945753097534,216.90464782714844
MDN,2,235,NLL,-2.0349807739257812,210.12615966796875
MDN,2,236,NLL,-2.058525323867798,209.66233825683594
MDN,2,237,NLL,-2.10871958732605,219.77444458007812
MDN,2,238,NLL,-2.079880714416504,207.3654327392578
MDN,2,239,NLL,-2.110220432281494,204.75779724121094
MDN,2,240,NLL,-1.977499008178711,212.7625274658203
MDN,2,241,NLL,-2.1510839462280273,203.705078125
MDN,2,242,NLL,-2.1244449615478516,233.278564453125
MDN,2,243,NLL,-2.04581618309021,210.0843963623047
MDN,2,244,NLL,-2.147623062133789,203.15602111816406
MDN,2,245,NLL,-2.0707311630249023,199.72718811035156
MDN,2,246,NLL,-2.0870673656463623,208.23828125
MDN,2,247,NLL,-1.8927946090698242,201.5484619140625
MDN,2,248,NLL,-2.1145782470703125,197.4490509033203
MDN,2,249,NLL,-2.010998010635376,200.43357849121094
MDN,2,250,NLL,-2.042556047439575,205.10763549804688
MDN,2,251,NLL,-2.069596767425537,207.45867919921875
MDN,2,252,NLL,-1.9571541547775269,226.1858673095703
MDN,2,253,NLL,-2.1387712955474854,202.98153686523438
MDN,2,254,NLL,-2.1120009422302246,202.34072875976562
MDN,2,255,NLL,-2.136131525039673,201.52774047851562
MDN,2,256,NLL,-2.060049057006836,204.04115295410156
MDN,2,257,NLL,-2.1340885162353516,207.98631286621094
MDN,2,258,NLL,-2.176420211791992,206.7840576171875
MDN,2,259,NLL,-2.1474270820617676,205.45237731933594
MDN,2,260,NLL,-2.183332920074463,206.07154846191406
MDN,2,261,NLL,-2.1274654865264893,208.90420532226562
MDN,2,262,NLL,-2.0058581829071045,207.22940063476562
MDN,2,263,NLL,-1.946168303489685,211.93850708007812
MDN,2,264,NLL,-2.1642181873321533,204.83750915527344
MDN,2,265,NLL,-2.0687601566314697,206.861572265625
MDN,2,266,NLL,-2.1111843585968018,202.80465698242188
MDN,2,267,NLL,-2.155388355255127,211.72540283203125
MDN,2,268,NLL,-2.2178616523742676,209.8014678955078
MDN,2,269,NLL,-2.140718698501587,212.23989868164062
MDN,2,270,NLL,-2.156919002532959,205.59243774414062
MDN,2,271,NLL,-2.1700217723846436,199.9135284423828
MDN,2,272,NLL,-2.1710479259490967,205.61843872070312
MDN,2,273,NLL,-1.605178713798523,199.8618621826172
MDN,2,274,NLL,-1.7082035541534424,202.1077423095703
MDN,2,275,NLL,-2.165309429168701,224.75511169433594
MDN,2,276,NLL,-2.1849491596221924,210.44033813476562
MDN,2,277,NLL,-2.1335692405700684,204.1319580078125
MDN,2,278,NLL,-2.019017219543457,218.8567352294922
MDN,2,279,NLL,-2.1366896629333496,199.21139526367188
MDN,2,280,NLL,-2.095069169998169,199.77032470703125
MDN,2,281,NLL,-2.204008102416992,213.76307678222656
MDN,2,282,NLL,-2.1682779788970947,200.70285034179688
MDN,2,283,NLL,-2.1689887046813965,200.43948364257812
MDN,2,284,NLL,-2.1908345222473145,195.6032257080078
MDN,2,285,NLL,-2.2313766479492188,210.74424743652344
MDN,2,286,NLL,-2.2006492614746094,200.73973083496094
MDN,2,287,NLL,-2.2132580280303955,205.5238037109375
MDN,2,288,NLL,-2.0432045459747314,204.71363830566406
MDN,2,289,NLL,-1.8780962228775024,208.042724609375
MDN,2,290,NLL,-2.1114659309387207,210.02474975585938
MDN,2,291,NLL,-2.120279312133789,207.84490966796875
MDN,2,292,NLL,-2.0716753005981445,212.16407775878906
MDN,2,293,NLL,-2.1154747009277344,204.6764678955078
MDN,2,294,NLL,-2.132209539413452,207.66868591308594
MDN,2,295,NLL,-2.119318723678589,204.8390655517578
MDN,2,296,NLL,-2.030759572982788,201.36593627929688
MDN,2,297,NLL,-1.7830090522766113,206.1902313232422
MDN,2,298,NLL,-2.084810733795166,204.12879943847656
MDN,2,299,NLL,-2.1078693866729736,208.6898193359375
MDN,2,300,NLL,-2.129842519760132,205.12542724609375
MDN,3,1,NLL,-1.0064138174057007,353.1416931152344
MDN,3,2,NLL,-1.2134337425231934,338.1541442871094
MDN,3,3,NLL,-1.2163221836090088,337.6938171386719
MDN,3,4,NLL,-1.365043044090271,334.1497497558594
MDN,3,5,NLL,-1.3223087787628174,345.01861572265625
MDN,3,6,NLL,-1.326054334640503,329.3752746582031
MDN,3,7,NLL,-1.0620663166046143,326.53692626953125
MDN,3,8,NLL,-1.4065274000167847,324.9674987792969
MDN,3,9,NLL,-0.9814251065254211,332.9584655761719
MDN,3,10,NLL,-1.5807172060012817,318.9811096191406
MDN,3,11,NLL,-1.287920594215393,322.1243896484375
MDN,3,12,NLL,-1.5441951751708984,317.0499267578125
MDN,3,13,NLL,-1.6278475522994995,314.8193664550781
MDN,3,14,NLL,-1.439848780632019,320.5856628417969
MDN,3,15,NLL,-1.6407413482666016,319.607177734375
MDN,3,16,NLL,-1.53363835811615,312.2206726074219
MDN,3,17,NLL,-1.6176737546920776,313.19476318359375
MDN,3,18,NLL,-1.6677770614624023,317.2862548828125
MDN,3,19,NLL,-1.6864911317825317,308.6258544921875
MDN,3,20,NLL,-1.6605435609817505,308.2127990722656
MDN,3,21,NLL,-1.7582610845565796,305.4263610839844
MDN,3,22,NLL,-1.6758229732513428,307.89007568359375
MDN,3,23,NLL,-1.6588412523269653,307.95892333984375
MDN,3,24,NLL,-1.5298410654067993,307.1133117675781
MDN,3,25,NLL,-1.7736443281173706,300.6131896972656
MDN,3,26,NLL,-1.7721248865127563,300.6028747558594
MDN,3,27,NLL,-1.7654047012329102,301.464599609375
MDN,3,28,NLL,-1.7059417963027954,298.7599182128906
MDN,3,29,NLL,-1.684065341949463,300.8738708496094
MDN,3,30,NLL,-1.726322889328003,300.33221435546875
MDN,3,31,NLL,-1.800512671470642,296.2744140625
MDN,3,32,NLL,-1.8186707496643066,291.4494323730469
MDN,3,33,NLL,-1.7671422958374023,291.89208984375
MDN,3,34,NLL,-1.8160223960876465,288.83331298828125
MDN,3,35,NLL,-1.4915229082107544,306.499755859375
MDN,3,36,NLL,-1.8437354564666748,286.3481140136719
MDN,3,37,NLL,-1.8099009990692139,282.9729309082031
MDN,3,38,NLL,-1.8023934364318848,284.0686340332031
MDN,3,39,NLL,-1.7870378494262695,282.7888488769531
MDN,3,40,NLL,-1.7776212692260742,281.5343017578125
MDN,3,41,NLL,-1.8812215328216553,273.29052734375
MDN,3,42,NLL,-1.7816176414489746,273.93206787109375
MDN,3,43,NLL,-1.8415296077728271,268.51055908203125
MDN,3,44,NLL,-1.8335684537887573,275.8096618652344
MDN,3,45,NLL,-1.873572587966919,266.4100341796875
MDN,3,46,NLL,-1.8917242288589478,264.1575927734375
MDN,3,47,NLL,-1.9082927703857422,273.63348388671875
MDN,3,48,NLL,-1.8890460729599,263.88958740234375
MDN,3,49,NLL,-1.900116205215454,274.21612548828125
MDN,3,50,NLL,-1.8732300996780396,263.7090759277344
MDN,3,51,NLL,-1.8196778297424316,259.1955261230469
MDN,3,52,NLL,-1.8810580968856812,255.82716369628906
MDN,3,53,NLL,-1.707706093788147,256.80279541015625
MDN,3,54,NLL,-1.825128197669983,256.0301208496094
MDN,3,55,NLL,-1.8407161235809326,255.88755798339844
MDN,3,56,NLL,-1.6218756437301636,259.1627197265625
MDN,3,57,NLL,-1.9451459646224976,252.5521240234375
MDN,3,58,NLL,-1.9245461225509644,253.23353576660156
MDN,3,59,NLL,-1.8757129907608032,252.18838500976562
MDN,3,60,NLL,-1.961406946182251,246.18910217285156
MDN,3,61,NLL,-1.9477269649505615,249.8020782470703
MDN,3,62,NLL,-1.9321902990341187,262.5352783203125
MDN,3,63,NLL,-1.8623199462890625,246.52853393554688
MDN,3,64,NLL,-1.8589930534362793,252.4568328857422
MDN,3,65,NLL,-1.9093387126922607,247.24026489257812
MDN,3,66,NLL,-1.9541929960250854,244.90623474121094
MDN,3,67,NLL,-1.950201153755188,244.94921875
MDN,3,68,NLL,-1.9504077434539795,239.2384796142578
MDN,3,69,NLL,-1.9770394563674927,239.80572509765625
MDN,3,70,NLL,-1.9619592428207397,254.04542541503906
MDN,3,71,NLL,-2.005064010620117,239.81324768066406
MDN,3,72,NLL,-1.7286617755889893,238.8809356689453
MDN,3,73,NLL,-1.9951541423797607,242.80706787109375
MDN,3,74,NLL,-1.9556872844696045,237.96795654296875
MDN,3,75,NLL,-1.9703983068466187,237.41107177734375
MDN,3,76,NLL,-0.7451302409172058,250.7305450439453
MDN,3,77,NLL,-1.9310040473937988,238.07127380371094
MDN,3,78,NLL,-2.0193991661071777,238.8448944091797
MDN,3,79,NLL,-1.7548432350158691,235.8130645751953
MDN,3,80,NLL,-1.91086745262146,238.1195831298828
MDN,3,81,NLL,-1.9437373876571655,234.6669464111328
MDN,3,82,NLL,-1.9899061918258667,239.3692169189453
MDN,3,83,NLL,-1.2532427310943604,239.1952667236328
MDN,3,84,NLL,-1.852522611618042,235.4127960205078
MDN,3,85,NLL,-1.995687484741211,239.10678100585938
MDN,3,86,NLL,-1.8378299474716187,228.77874755859375
MDN,3,87,NLL,-1.9884896278381348,231.08470153808594
MDN,3,88,NLL,-1.991194486618042,233.01995849609375
MDN,3,89,NLL,-2.012688636779785,233.9584503173828
MDN,3,90,NLL,-2.0171470642089844,230.5095672607422
MDN,3,91,NLL,-2.0306644439697266,230.52615356445312
MDN,3,92,NLL,-1.9907327890396118,226.9445343017578
MDN,3,93,NLL,-2.0361804962158203,229.2308349609375
MDN,3,94,NLL,-1.993928074836731,229.96742248535156
MDN,3,95,NLL,-2.0279958248138428,226.94383239746094
MDN,3,96,NLL,-2.0016586780548096,228.544189453125
MDN,3,97,NLL,-1.9673727750778198,226.0092315673828
MDN,3,98,NLL,-1.9104639291763306,233.55223083496094
MDN,3,99,NLL,-1.9401133060455322,227.01968383789062
MDN,3,100,NLL,-2.0153543949127197,222.3230438232422
MDN,3,101,NLL,-1.9662128686904907,236.21253967285156
MDN,3,102,NLL,-1.3681561946868896,223.79013061523438
MDN,3,103,NLL,-2.0619912147521973,225.61309814453125
MDN,3,104,NLL,-2.013512134552002,225.2166290283203
MDN,3,105,NLL,-2.0069637298583984,229.443359375
MDN,3,106,NLL,-2.0065667629241943,224.852294921875
MDN,3,107,NLL,-2.065032958984375,222.10540771484375
MDN,3,108,NLL,-2.036001682281494,219.3921661376953
MDN,3,109,NLL,-2.0661444664001465,220.813232421875
MDN,3,110,NLL,-2.0157344341278076,228.6155548095703
MDN,3,111,NLL,-2.0727906227111816,220.28965759277344
MDN,3,112,NLL,-2.061997652053833,221.11244201660156
MDN,3,113,NLL,-2.07643461227417,219.03610229492188
MDN,3,114,NLL,-2.0377769470214844,225.47592163085938
MDN,3,115,NLL,-2.0975191593170166,230.05406188964844
MDN,3,116,NLL,-2.087308168411255,219.51512145996094
MDN,3,117,NLL,-1.9965710639953613,219.4206085205078
MDN,3,118,NLL,-2.0164332389831543,219.94541931152344
MDN,3,119,NLL,-1.8676637411117554,218.33392333984375
MDN,3,120,NLL,-1.9957369565963745,216.23252868652344
MDN,3,121,NLL,-2.049240827560425,214.93795776367188
MDN,3,122,NLL,-2.112805128097534,218.77392578125
MDN,3,123,NLL,-2.0878522396087646,226.18093872070312
MDN,3,124,NLL,-2.030653476715088,216.6516571044922
MDN,3,125,NLL,-2.0750815868377686,225.78358459472656
MDN,3,126,NLL,-2.0521798133850098,220.21054077148438
MDN,3,127,NLL,-2.01833176612854,210.83157348632812
MDN,3,128,NLL,-2.0976150035858154,215.02171325683594
MDN,3,129,NLL,-1.9914747476577759,213.96817016601562
MDN,3,130,NLL,-2.0410518646240234,211.76707458496094
MDN,3,131,NLL,-2.124122142791748,217.9296875
MDN,3,132,NLL,-1.7869305610656738,219.60826110839844
MDN,3,133,NLL,-2.0805296897888184,212.43731689453125
MDN,3,134,NLL,-2.012295722961426,214.54249572753906
MDN,3,135,NLL,-2.075754165649414,219.68516540527344
MDN,3,136,NLL,-2.0815043449401855,213.93893432617188
MDN,3,137,NLL,-2.0452613830566406,211.47549438476562
MDN,3,138,NLL,-2.101078987121582,210.85877990722656
MDN,3,139,NLL,-2.0847370624542236,213.44403076171875
MDN,3,140,NLL,-2.0583174228668213,215.54673767089844
MDN,3,141,NLL,-2.10900616645813,215.62498474121094
MDN,3,142,NLL,-2.0925135612487793,213.22132873535156
MDN,3,143,NLL,-1.984909176826477,213.53392028808594
MDN,3,144,NLL,-2.11029052734375,209.90606689453125
MDN,3,145,NLL,-2.1123692989349365,209.52923583984375
MDN,3,146,NLL,-2.060704469680786,219.96620178222656
MDN,3,147,NLL,-2.156729221343994,215.8510284423828
MDN,3,148,NLL,-2.0581390857696533,208.00106811523438
MDN,3,149,NLL,-2.1334028244018555,211.52308654785156
MDN,3,150,NLL,-2.165038824081421,215.86997985839844
MDN,3,151,NLL,-2.0664024353027344,211.67462158203125
MDN,3,152,NLL,-2.1498754024505615,219.787841796875
MDN,3,153,NLL,-2.1278088092803955,217.16696166992188
MDN,3,154,NLL,-2.126594305038452,211.735107421875
MDN,3,155,NLL,-2.1080634593963623,210.53738403320312
MDN,3,156,NLL,-2.0339741706848145,213.2594757080078
MDN,3,157,NLL,-2.1257402896881104,217.164794921875
MDN,3,158,NLL,-2.118903398513794,210.99798583984375
MDN,3,159,NLL,-2.0967535972595215,204.65895080566406
MDN,3,160,NLL,-2.1325531005859375,212.51084899902344
MDN,3,161,NLL,-2.103468418121338,213.9835662841797
MDN,3,162,NLL,-2.086702346801758,212.84217834472656
MDN,3,163,NLL,-2.174036741256714,213.8560028076172
MDN,3,164,NLL,-2.1174919605255127,203.95571899414062
MDN,3,165,NLL,-2.116973638534546,207.63047790527344
MDN,3,166,NLL,-2.1241729259490967,204.68008422851562
MDN,3,167,NLL,-2.1575119495391846,205.96717834472656
MDN,3,168,NLL,-2.1208372116088867,213.36346435546875
MDN,3,169,NLL,-2.168701171875,218.13528442382812
MDN,3,170,NLL,-2.1977128982543945,204.052978515625
MDN,3,171,NLL,-2.129197597503662,207.8136444091797
MDN,3,172,NLL,-2.1319096088409424,205.11248779296875
MDN,3,173,NLL,-2.0897979736328125,215.44386291503906
MDN,3,174,NLL,-2.146733283996582,214.72952270507812
MDN,3,175,NLL,-2.0772533416748047,214.48243713378906
MDN,3,176,NLL,-2.1875290870666504,204.49169921875
MDN,3,177,NLL,-2.1713948249816895,204.9132080078125
MDN,3,178,NLL,-2.136164426803589,210.80970764160156
MDN,3,179,NLL,-2.1238136291503906,209.10360717773438
MDN,3,180,NLL,-2.1446471214294434,205.19613647460938
MDN,3,181,NLL,-2.20412540435791,204.2806396484375
MDN,3,182,NLL,-2.0705788135528564,220.47967529296875
MDN,3,183,NLL,-2.1141958236694336,203.1304168701172
MDN,3,184,NLL,-2.149427890777588,202.3485870361328
MDN,3,185,NLL,-2.151353120803833,207.9472198486328
MDN,3,186,NLL,-1.1255478858947754,212.87109375
MDN,3,187,NLL,-2.2033982276916504,202.48439025878906
MDN,3,188,NLL,-2.1504437923431396,203.71224975585938
MDN,3,189,NLL,-2.157111644744873,202.21337890625
MDN,3,190,NLL,-2.0014421939849854,208.35885620117188
MDN,3,191,NLL,-2.0605521202087402,203.12225341796875
MDN,3,192,NLL,-2.141339063644409,216.75489807128906
MDN,3,193,NLL,-1.9095667600631714,204.19134521484375
MDN,3,194,NLL,-2.212796449661255,204.1614532470703
MDN,3,195,NLL,-2.081376552581787,205.3072052001953
MDN,3,196,NLL,-2.171201705932617,208.18841552734375
MDN,3,197,NLL,-2.178474187850952,205.0888671875
MDN,3,198,NLL,-2.2048184871673584,204.24205017089844
MDN,3,199,NLL,-2.1651763916015625,202.4224090576172
MDN,3,200,NLL,-2.1560616493225098,202.7456817626953
MDN,3,201,NLL,-2.205289125442505,201.57443237304688
MDN,3,202,NLL,-2.191509962081909,206.5890350341797
MDN,3,203,NLL,-2.05667781829834,204.77589416503906
MDN,3,204,NLL,-2.209120512008667,205.9462432861328
MDN,3,205,NLL,-1.2172359228134155,200.8571014404297
MDN,3,206,NLL,-2.200547933578491,204.310791015625
MDN,3,207,NLL,-2.1890368461608887,207.509765625
MDN,3,208,NLL,-2.18165922164917,201.84762573242188
MDN,3,209,NLL,-2.2163565158843994,204.20339965820312
MDN,3,210,NLL,-2.0660502910614014,207.02244567871094
MDN,3,211,NLL,-2.095111846923828,200.14517211914062
MDN,3,212,NLL,-2.1244213581085205,208.4127960205078
MDN,3,213,NLL,-2.1190614700317383,202.95223999023438
MDN,3,214,NLL,-2.1015255451202393,233.69830322265625
MDN,3,215,NLL,-2.1109092235565186,209.93844604492188
MDN,3,216,NLL,-2.1692397594451904,203.5001678466797
MDN,3,217,NLL,-2.190251350402832,199.3875732421875
MDN,3,218,NLL,-2.2056655883789062,206.85423278808594
MDN,3,219,NLL,-2.152273416519165,204.1359405517578
MDN,3,220,NLL,-2.161714553833008,207.61651611328125
MDN,3,221,NLL,-2.2096011638641357,201.16110229492188
MDN,3,222,NLL,-2.1561732292175293,200.30982971191406
MDN,3,223,NLL,-2.201571226119995,204.6849822998047
MDN,3,224,NLL,-2.226184368133545,199.6011962890625
MDN,3,225,NLL,-2.1710424423217773,200.43104553222656
MDN,3,226,NLL,-2.231553077697754,218.1022491455078
MDN,3,227,NLL,-2.1809921264648438,204.16049194335938
MDN,3,228,NLL,-2.2142117023468018,211.70989990234375
MDN,3,229,NLL,-2.2627944946289062,203.06387329101562
MDN,3,230,NLL,-2.209758996963501,216.58009338378906
MDN,3,231,NLL,-2.06661319732666,199.47157287597656
MDN,3,232,NLL,-2.1232128143310547,203.595947265625
MDN,3,233,NLL,-2.2358546257019043,201.62307739257812
MDN,3,234,NLL,-2.179793119430542,202.05384826660156
MDN,3,235,NLL,-2.001272439956665,207.05252075195312
MDN,3,236,NLL,-2.1958069801330566,209.11367797851562
MDN,3,237,NLL,-2.2782509326934814,196.2296142578125
MDN,3,238,NLL,-2.2529728412628174,201.9376983642578
MDN,3,239,NLL,-2.2460532188415527,202.34974670410156
MDN,3,240,NLL,-2.258779525756836,204.37051391601562
MDN,3,241,NLL,-2.2407829761505127,200.5183868408203
MDN,3,242,NLL,-2.1895792484283447,214.75201416015625
MDN,3,243,NLL,-1.971967101097107,205.05859375
MDN,3,244,NLL,-2.0456907749176025,208.7819366455078
MDN,3,245,NLL,-2.113563299179077,202.0015869140625
MDN,3,246,NLL,-2.171517848968506,203.80828857421875
MDN,3,247,NLL,-1.986248254776001,212.57955932617188
MDN,3,248,NLL,-2.207456350326538,205.9247283935547
MDN,3,249,NLL,-2.281381845474243,199.2928466796875
MDN,3,250,NLL,-2.276418924331665,200.0922393798828
MDN,3,251,NLL,-2.1920347213745117,199.5614013671875
MDN,3,252,NLL,-2.176957368850708,196.88352966308594
MDN,3,253,NLL,-2.305495262145996,207.07876586914062
MDN,3,254,NLL,-1.9089518785476685,200.44642639160156
MDN,3,255,NLL,-2.276427984237671,203.99899291992188
MDN,3,256,NLL,-2.279956340789795,196.29345703125
MDN,3,257,NLL,-2.2256925106048584,202.94290161132812
MDN,3,258,NLL,-2.2674529552459717,199.58963012695312
MDN,3,259,NLL,-2.0503039360046387,217.22012329101562
MDN,3,260,NLL,-2.2708234786987305,200.19131469726562
MDN,3,261,NLL,-2.259235143661499,203.3643035888672
MDN,3,262,NLL,-2.2213900089263916,214.8168182373047
MDN,3,263,NLL,-2.23295259475708,210.3665771484375
MDN,3,264,NLL,-2.276095151901245,212.67649841308594
MDN,3,265,NLL,-1.4583505392074585,205.8253173828125
MDN,3,266,NLL,-2.1917831897735596,198.2184600830078
MDN,3,267,NLL,-1.8428940773010254,206.19781494140625
MDN,3,268,NLL,-2.159369945526123,201.46136474609375
MDN,3,269,NLL,-2.1952223777770996,200.60452270507812
MDN,3,270,NLL,-2.3037045001983643,195.19627380371094
MDN,3,271,NLL,-2.2491159439086914,219.22406005859375
MDN,3,272,NLL,-2.324808359146118,194.93714904785156
MDN,3,273,NLL,-2.289057493209839,203.62301635742188
MDN,3,274,NLL,-2.3104803562164307,201.35025024414062
MDN,3,275,NLL,-2.291640281677246,204.82896423339844
MDN,3,276,NLL,-2.308366298675537,200.23138427734375
MDN,3,277,NLL,-2.2160377502441406,198.89389038085938
MDN,3,278,NLL,-2.32035231590271,207.00454711914062
MDN,3,279,NLL,-2.1283931732177734,199.52830505371094
MDN,3,280,NLL,-2.32503342628479,203.74171447753906
MDN,3,281,NLL,-2.085214376449585,194.90574645996094
MDN,3,282,NLL,-2.1572628021240234,193.3830108642578
MDN,3,283,NLL,-2.326632499694824,200.3677520751953
MDN,3,284,NLL,-2.2772176265716553,205.94923400878906
MDN,3,285,NLL,-2.0485358238220215,203.59677124023438
MDN,3,286,NLL,-2.175924301147461,203.68008422851562
MDN,3,287,NLL,-2.3073060512542725,193.8668670654297
MDN,3,288,NLL,-2.295659065246582,218.20240783691406
MDN,3,289,NLL,-2.335378885269165,197.1236572265625
MDN,3,290,NLL,-2.2987852096557617,195.61782836914062
MDN,3,291,NLL,-2.369509696960449,196.46730041503906
MDN,3,292,NLL,-2.302321195602417,193.85238647460938
MDN,3,293,NLL,-2.3004400730133057,197.04977416992188
MDN,3,294,NLL,-2.345043420791626,195.2864532470703
MDN,3,295,NLL,-2.302523136138916,214.99386596679688
MDN,3,296,NLL,-2.322589874267578,197.49574279785156
MDN,3,297,NLL,-2.3340656757354736,199.1046905517578
MDN,3,298,NLL,-2.335736036300659,201.98129272460938
MDN,3,299,NLL,-1.2655065059661865,196.22084045410156
MDN,3,300,NLL,-2.311052083969116,197.38478088378906
MDN,4,1,NLL,-1.188963770866394,360.5668640136719
MDN,4,2,NLL,-1.2456011772155762,348.2526550292969
MDN,4,3,NLL,-1.2508269548416138,342.09228515625
MDN,4,4,NLL,-1.3423914909362793,336.4042053222656
MDN,4,5,NLL,-1.48910391330719,332.2640686035156
MDN,4,6,NLL,-1.4860936403274536,328.56689453125
MDN,4,7,NLL,-1.5202795267105103,330.9569091796875
MDN,4,8,NLL,-1.2067208290100098,327.6231994628906
MDN,4,9,NLL,-1.4552878141403198,323.99737548828125
MDN,4,10,NLL,-1.5763096809387207,322.53070068359375
MDN,4,11,NLL,-1.5916680097579956,322.7991638183594
MDN,4,12,NLL,-1.579554796218872,321.3877868652344
MDN,4,13,NLL,-1.6625570058822632,319.1956787109375
MDN,4,14,NLL,-1.659812569618225,322.229736328125
MDN,4,15,NLL,-1.6604223251342773,315.6907958984375
MDN,4,16,NLL,-1.582684874534607,316.6311950683594
MDN,4,17,NLL,-1.6834487915039062,314.79547119140625
MDN,4,18,NLL,-1.7046960592269897,314.8183288574219
MDN,4,19,NLL,-1.6912893056869507,311.6466979980469
MDN,4,20,NLL,-1.7369009256362915,310.4076232910156
MDN,4,21,NLL,-1.715989589691162,309.2643737792969
MDN,4,22,NLL,-1.7240164279937744,307.8857727050781
MDN,4,23,NLL,-1.768607258796692,305.34100341796875
MDN,4,24,NLL,-1.7709237337112427,305.2503967285156
MDN,4,25,NLL,-1.6334071159362793,305.8739929199219
MDN,4,26,NLL,-1.5302525758743286,310.2044677734375
MDN,4,27,NLL,-1.6773734092712402,305.0850524902344
MDN,4,28,NLL,-1.8075026273727417,299.52899169921875
MDN,4,29,NLL,-1.8025635480880737,300.0702819824219
MDN,4,30,NLL,-1.7805777788162231,299.4398498535156
MDN,4,31,NLL,-1.7887992858886719,298.8568115234375
MDN,4,32,NLL,-1.8364611864089966,297.02056884765625
MDN,4,33,NLL,-1.6975826025009155,295.0320129394531
MDN,4,34,NLL,-1.8378046751022339,293.2300720214844
MDN,4,35,NLL,-1.8860193490982056,295.7747497558594
MDN,4,36,NLL,-1.8727577924728394,292.2317810058594
MDN,4,37,NLL,-1.8602125644683838,296.0377502441406
MDN,4,38,NLL,-1.8955273628234863,292.78448486328125
MDN,4,39,NLL,-1.782708764076233,289.8039855957031
MDN,4,40,NLL,-1.7897251844406128,288.5815124511719
MDN,4,41,NLL,-1.9112733602523804,284.268310546875
MDN,4,42,NLL,-1.9282132387161255,288.2281494140625
MDN,4,43,NLL,-1.902747631072998,283.3777770996094
MDN,4,44,NLL,-1.906815528869629,287.6256408691406
MDN,4,45,NLL,-1.7673887014389038,282.3406982421875
MDN,4,46,NLL,-1.9461404085159302,287.6153869628906
MDN,4,47,NLL,-1.7514015436172485,285.7668151855469
MDN,4,48,NLL,-1.9425981044769287,277.8049011230469
MDN,4,49,NLL,-1.886433482170105,277.7317810058594
MDN,4,50,NLL,-1.9125878810882568,279.14599609375
MDN,4,51,NLL,-1.9029165506362915,277.4752502441406
MDN,4,52,NLL,-1.6430407762527466,278.10467529296875
MDN,4,53,NLL,-1.7314471006393433,275.8408203125
MDN,4,54,NLL,-1.8658030033111572,281.8160400390625
MDN,4,55,NLL,-1.9262269735336304,273.10650634765625
MDN,4,56,NLL,-1.567566156387329,276.25567626953125
MDN,4,57,NLL,-1.9860063791275024,278.20233154296875
MDN,4,58,NLL,-1.7355608940124512,277.16436767578125
MDN,4,59,NLL,-1.9200602769851685,268.6270446777344
MDN,4,60,NLL,-1.9537951946258545,265.58074951171875
MDN,4,61,NLL,-1.9970440864562988,270.229248046875
MDN,4,62,NLL,-1.954352855682373,269.4277648925781
MDN,4,63,NLL,-1.6094619035720825,266.21075439453125
MDN,4,64,NLL,-1.901919960975647,273.9346923828125
MDN,4,65,NLL,-1.979822039604187,263.4058837890625
MDN,4,66,NLL,-1.9000918865203857,262.61505126953125
MDN,4,67,NLL,-1.9900144338607788,259.5986328125
MDN,4,68,NLL,-1.8105496168136597,267.0874938964844
MDN,4,69,NLL,-1.9384620189666748,268.2546691894531
MDN,4,70,NLL,-1.9402930736541748,260.0875549316406
MDN,4,71,NLL,-1.9860104322433472,258.86895751953125
MDN,4,72,NLL,-1.9916965961456299,259.32940673828125
MDN,4,73,NLL,-2.0268404483795166,259.3184509277344
MDN,4,74,NLL,-1.9579131603240967,261.2760314941406
MDN,4,75,NLL,-1.9776413440704346,256.69085693359375
MDN,4,76,NLL,-2.012695550918579,262.04779052734375
MDN,4,77,NLL,-2.038115978240967,257.8050231933594
MDN,4,78,NLL,-2.0098023414611816,256.51031494140625
MDN,4,79,NLL,-1.9773832559585571,253.603515625
MDN,4,80,NLL,-2.039517402648926,255.57180786132812
MDN,4,81,NLL,-2.010197401046753,250.49404907226562
MDN,4,82,NLL,-2.0654842853546143,248.84881591796875
MDN,4,83,NLL,-2.029618501663208,254.39610290527344
MDN,4,84,NLL,-2.067702293395996,257.1719665527344
MDN,4,85,NLL,-2.0725579261779785,250.62327575683594
MDN,4,86,NLL,-2.0194640159606934,247.07000732421875
MDN,4,87,NLL,-2.0575411319732666,247.15199279785156
MDN,4,88,NLL,-2.078277349472046,246.3760528564453
MDN,4,89,NLL,-2.0645570755004883,245.29483032226562
MDN,4,90,NLL,-2.0200865268707275,255.8597412109375
MDN,4,91,NLL,-1.9826425313949585,256.8197326660156
MDN,4,92,NLL,-1.9732081890106201,244.1999053955078
MDN,4,93,NLL,-2.0384109020233154,241.30963134765625
MDN,4,94,NLL,-2.028866767883301,248.788330078125
MDN,4,95,NLL,-2.0273382663726807,240.1493682861328
MDN,4,96,NLL,-1.8919036388397217,245.50732421875
MDN,4,97,NLL,-2.0838921070098877,249.8113250732422
MDN,4,98,NLL,-2.023376703262329,254.41305541992188
MDN,4,99,NLL,-2.0941684246063232,244.82456970214844
MDN,4,100,NLL,-2.0284361839294434,240.62387084960938
MDN,4,101,NLL,-2.004511594772339,238.3964080810547
MDN,4,102,NLL,-2.0893497467041016,236.3953399658203
MDN,4,103,NLL,-1.99338960647583,238.25038146972656
MDN,4,104,NLL,-1.9782297611236572,246.8568115234375
MDN,4,105,NLL,-2.050774097442627,239.89622497558594
MDN,4,106,NLL,-2.1386947631835938,236.23086547851562
MDN,4,107,NLL,-2.0339393615722656,239.35220336914062
MDN,4,108,NLL,-1.9249587059020996,239.4155731201172
MDN,4,109,NLL,-2.109483242034912,241.07403564453125
MDN,4,110,NLL,-2.1098685264587402,237.79856872558594
MDN,4,111,NLL,-1.7882345914840698,238.15625
MDN,4,112,NLL,-2.0835368633270264,231.31336975097656
MDN,4,113,NLL,-2.099043846130371,242.94517517089844
MDN,4,114,NLL,-2.1144797801971436,236.5282745361328
MDN,4,115,NLL,-2.0229179859161377,234.7313232421875
MDN,4,116,NLL,-2.1099255084991455,236.06861877441406
MDN,4,117,NLL,-2.087867021560669,249.48118591308594
MDN,4,118,NLL,-2.103210687637329,242.32945251464844
MDN,4,119,NLL,-2.1013803482055664,240.46791076660156
MDN,4,120,NLL,-1.9850324392318726,232.3827362060547
MDN,4,121,NLL,-2.0376973152160645,234.9815216064453
MDN,4,122,NLL,-1.9438127279281616,231.39028930664062
MDN,4,123,NLL,-2.1159255504608154,233.66030883789062
MDN,4,124,NLL,-2.0851686000823975,232.04930114746094
MDN,4,125,NLL,-1.9753105640411377,237.90628051757812
MDN,4,126,NLL,-2.0881924629211426,226.33236694335938
MDN,4,127,NLL,-2.072232723236084,235.43211364746094
MDN,4,128,NLL,-2.1725645065307617,234.77728271484375
MDN,4,129,NLL,-2.1388099193573,236.6036376953125
MDN,4,130,NLL,-2.1616506576538086,225.5288543701172
MDN,4,131,NLL,-2.1318624019622803,242.8401641845703
MDN,4,132,NLL,-2.1175594329833984,224.5921630859375
MDN,4,133,NLL,-2.1452252864837646,228.57940673828125
MDN,4,134,NLL,-2.1106276512145996,241.545654296875
MDN,4,135,NLL,-2.1379692554473877,236.84658813476562
MDN,4,136,NLL,-2.0967142581939697,232.57040405273438
MDN,4,137,NLL,-2.1205496788024902,233.35415649414062
MDN,4,138,NLL,-2.1763827800750732,223.11285400390625
MDN,4,139,NLL,-2.100294589996338,230.7451171875
MDN,4,140,NLL,-1.839126706123352,226.12799072265625
MDN,4,141,NLL,-2.1310653686523438,220.76104736328125
MDN,4,142,NLL,-2.093693971633911,226.84658813476562
MDN,4,143,NLL,-1.770821452140808,230.46047973632812
MDN,4,144,NLL,-2.144676685333252,231.004638671875
MDN,4,145,NLL,-2.1435623168945312,223.7115020751953
MDN,4,146,NLL,-2.1180167198181152,225.36758422851562
MDN,4,147,NLL,-2.147799253463745,226.1549835205078
MDN,4,148,NLL,-2.155992269515991,245.9736785888672
MDN,4,149,NLL,-2.1409378051757812,220.82095336914062
MDN,4,150,NLL,-2.1621575355529785,227.92425537109375
MDN,4,151,NLL,-1.8535094261169434,227.2106170654297
MDN,4,152,NLL,-2.141508102416992,224.19395446777344
MDN,4,153,NLL,-2.141082525253296,222.65309143066406
MDN,4,154,NLL,-2.2106740474700928,226.16525268554688
MDN,4,155,NLL,-2.118661642074585,221.0389404296875
MDN,4,156,NLL,-2.0969841480255127,221.59027099609375
MDN,4,157,NLL,-2.201098918914795,219.64407348632812
MDN,4,158,NLL,-2.1971793174743652,222.2081756591797
MDN,4,159,NLL,-2.176679849624634,215.90786743164062
MDN,4,160,NLL,-2.1657140254974365,229.03573608398438
MDN,4,161,NLL,-2.1452696323394775,217.52757263183594
MDN,4,162,NLL,-2.2173242568969727,214.14938354492188
MDN,4,163,NLL,-2.2173428535461426,218.9422149658203
MDN,4,164,NLL,-2.128455400466919,216.63478088378906
MDN,4,165,NLL,-2.2243640422821045,215.0726318359375
MDN,4,166,NLL,-2.190242052078247,217.7815399169922
MDN,4,167,NLL,-2.2184624671936035,227.80055236816406
MDN,4,168,NLL,-2.156522750854492,224.38783264160156
MDN,4,169,NLL,-2.2124531269073486,220.2617645263672
MDN,4,170,NLL,-2.1990444660186768,214.34121704101562
MDN,4,171,NLL,-1.9832969903945923,214.39491271972656
MDN,4,172,NLL,-2.175971508026123,219.28018188476562
MDN,4,173,NLL,-2.1583950519561768,212.30223083496094
MDN,4,174,NLL,-2.1802074909210205,220.17343139648438
MDN,4,175,NLL,-2.2317371368408203,213.77967834472656
MDN,4,176,NLL,-2.1085052490234375,217.45309448242188
MDN,4,177,NLL,-2.1027028560638428,227.66714477539062
MDN,4,178,NLL,-2.219888687133789,211.3958740234375
MDN,4,179,NLL,-1.8407331705093384,223.62823486328125
MDN,4,180,NLL,-2.137138843536377,219.29745483398438
MDN,4,181,NLL,-2.243380069732666,221.13461303710938
MDN,4,182,NLL,-2.2271568775177,212.18698120117188
MDN,4,183,NLL,-1.9810377359390259,215.12025451660156
MDN,4,184,NLL,-2.2221901416778564,210.76870727539062
MDN,4,185,NLL,-2.1573994159698486,211.8701629638672
MDN,4,186,NLL,-2.089421272277832,214.440185546875
MDN,4,187,NLL,-2.2054266929626465,210.10635375976562
MDN,4,188,NLL,-2.0004818439483643,209.9497833251953
MDN,4,189,NLL,-1.8471040725708008,231.2415008544922
MDN,4,190,NLL,-2.258662223815918,225.56785583496094
MDN,4,191,NLL,-2.246382474899292,213.8614959716797
MDN,4,192,NLL,-2.27178692817688,219.48541259765625
MDN,4,193,NLL,-2.240360975265503,219.0746612548828
MDN,4,194,NLL,-2.0147674083709717,225.80450439453125
MDN,4,195,NLL,-2.151048183441162,220.523681640625
MDN,4,196,NLL,-2.25091290473938,215.1356658935547
MDN,4,197,NLL,-2.186241388320923,212.0154266357422
MDN,4,198,NLL,-2.2496697902679443,217.8897705078125
MDN,4,199,NLL,-1.7223564386367798,212.2147674560547
MDN,4,200,NLL,-2.195256471633911,211.17198181152344
MDN,4,201,NLL,-2.2044496536254883,214.51255798339844
MDN,4,202,NLL,-2.188237190246582,208.4242706298828
MDN,4,203,NLL,-2.177901268005371,218.4718780517578
MDN,4,204,NLL,-2.177807092666626,216.5286865234375
MDN,4,205,NLL,-2.151172637939453,206.74217224121094
MDN,4,206,NLL,-2.253568172454834,226.4735870361328
MDN,4,207,NLL,-2.2253997325897217,205.79302978515625
MDN,4,208,NLL,-2.0343971252441406,220.8634490966797
MDN,4,209,NLL,-2.272829294204712,210.7587127685547
MDN,4,210,NLL,-2.2476425170898438,205.53179931640625
MDN,4,211,NLL,-2.267850637435913,213.852783203125
MDN,4,212,NLL,-2.2563161849975586,224.7864532470703
MDN,4,213,NLL,-2.2518017292022705,208.34263610839844
MDN,4,214,NLL,-2.2552273273468018,210.94158935546875
MDN,4,215,NLL,-2.101954936981201,218.8403778076172
MDN,4,216,NLL,-2.209636926651001,209.65882873535156
MDN,4,217,NLL,-2.2989754676818848,207.6699676513672
MDN,4,218,NLL,-2.194013833999634,222.3981170654297
MDN,4,219,NLL,-1.5420613288879395,212.87973022460938
MDN,4,220,NLL,-2.1680469512939453,203.16909790039062
MDN,4,221,NLL,-2.021279811859131,205.0178985595703
MDN,4,222,NLL,-2.2790026664733887,210.39039611816406
MDN,4,223,NLL,-2.2791192531585693,212.05628967285156
MDN,4,224,NLL,-2.156508684158325,208.2781524658203
MDN,4,225,NLL,-2.2818098068237305,199.65316772460938
MDN,4,226,NLL,-2.2375082969665527,217.51524353027344
MDN,4,227,NLL,-2.1945173740386963,208.56256103515625
MDN,4,228,NLL,-2.208662509918213,222.18556213378906
MDN,4,229,NLL,-2.058237075805664,203.48886108398438
MDN,4,230,NLL,-2.188628673553467,201.1683807373047
MDN,4,231,NLL,-2.0640218257904053,232.32603454589844
MDN,4,232,NLL,-2.178992986679077,208.84242248535156
MDN,4,233,NLL,-2.209498882293701,203.42416381835938
MDN,4,234,NLL,-2.2063989639282227,214.2298126220703
MDN,4,235,NLL,-2.224740505218506,207.93109130859375
MDN,4,236,NLL,-2.238219738006592,214.56419372558594
MDN,4,237,NLL,-2.1921422481536865,222.50509643554688
MDN,4,238,NLL,-2.2350831031799316,213.3465576171875
MDN,4,239,NLL,-2.246553659439087,216.41708374023438
MDN,4,240,NLL,-2.2445015907287598,204.6894073486328
MDN,4,241,NLL,-2.249166250228882,210.76039123535156
MDN,4,242,NLL,-2.2131264209747314,212.3552703857422
MDN,4,243,NLL,-2.285132646560669,207.31405639648438
MDN,4,244,NLL,-2.2420437335968018,206.2505645751953
MDN,4,245,NLL,-2.2858221530914307,205.14767456054688
MDN,4,246,NLL,-2.2756943702697754,227.53053283691406
MDN,4,247,NLL,-2.3086814880371094,204.0801544189453
MDN,4,248,NLL,-2.3039166927337646,208.23045349121094
MDN,4,249,NLL,-2.2919251918792725,209.66456604003906
MDN,4,250,NLL,-2.2374398708343506,212.5550994873047
MDN,4,251,NLL,-2.2567243576049805,205.33941650390625
MDN,4,252,NLL,-2.329087972640991,213.19190979003906
MDN,4,253,NLL,-2.3011012077331543,200.461669921875
MDN,4,254,NLL,-2.215224504470825,208.75732421875
MDN,4,255,NLL,-2.3198232650756836,205.0885009765625
MDN,4,256,NLL,-2.3126261234283447,205.95889282226562
MDN,4,257,NLL,-2.1155974864959717,207.21763610839844
MDN,4,258,NLL,-2.330915927886963,196.7875518798828
MDN,4,259,NLL,-2.2481589317321777,205.4677276611328
MDN,4,260,NLL,-2.3049376010894775,207.93313598632812
MDN,4,261,NLL,-2.3285834789276123,211.97537231445312
MDN,4,262,NLL,-2.2773325443267822,202.07823181152344
MDN,4,263,NLL,-2.3448028564453125,209.70785522460938
MDN,4,264,NLL,-2.3125529289245605,211.94668579101562
MDN,4,265,NLL,-2.319979667663574,206.23373413085938
MDN,4,266,NLL,-2.35799241065979,205.3213348388672
MDN,4,267,NLL,-2.2479631900787354,199.3279571533203
MDN,4,268,NLL,-2.290790557861328,203.7915496826172
MDN,4,269,NLL,-2.3486168384552,204.22235107421875
MDN,4,270,NLL,-2.3687713146209717,203.78623962402344
MDN,4,271,NLL,-2.3586831092834473,204.97288513183594
MDN,4,272,NLL,-2.3594608306884766,199.5282440185547
MDN,4,273,NLL,-2.3451342582702637,208.36141967773438
MDN,4,274,NLL,-2.3200161457061768,216.5701141357422
MDN,4,275,NLL,-1.9700473546981812,198.3650360107422
MDN,4,276,NLL,-2.349832057952881,198.8800506591797
MDN,4,277,NLL,-2.227292537689209,199.50949096679688
MDN,4,278,NLL,-2.3539891242980957,207.6429443359375
MDN,4,279,NLL,-2.3692095279693604,236.6809539794922
MDN,4,280,NLL,-2.3493149280548096,207.2861328125
MDN,4,281,NLL,-2.291869878768921,209.6971435546875
MDN,4,282,NLL,-2.3699100017547607,197.1234588623047
MDN,4,283,NLL,-2.397371530532837,202.3865203857422
MDN,4,284,NLL,-2.370124578475952,204.5537872314453
MDN,4,285,NLL,-2.3733208179473877,207.8494110107422
MDN,4,286,NLL,-2.3376200199127197,203.61032104492188
MDN,4,287,NLL,-2.399284839630127,207.5367889404297
MDN,4,288,NLL,-2.3864834308624268,201.00938415527344
MDN,4,289,NLL,-2.398329734802246,198.43966674804688
MDN,4,290,NLL,-2.269948720932007,196.9652099609375
MDN,4,291,NLL,-2.3516957759857178,198.95008850097656
MDN,4,292,NLL,-2.428018808364868,198.2137908935547
MDN,4,293,NLL,-2.3838813304901123,213.27745056152344
MDN,4,294,NLL,-2.371187210083008,202.77464294433594
MDN,4,295,NLL,-2.3753790855407715,212.80416870117188
MDN,4,296,NLL,-2.2958738803863525,202.8746337890625
MDN,4,297,NLL,-2.4282915592193604,210.2619171142578
MDN,4,298,NLL,-2.374077081680298,220.6832275390625
MDN,4,299,NLL,-2.3554539680480957,203.4019775390625
MDN,4,300,NLL,-2.2937498092651367,210.7886199951172
MDN,5,1,NLL,-0.9483017325401306,358.73663330078125
MDN,5,2,NLL,-1.2739324569702148,343.7261657714844
MDN,5,3,NLL,-1.3793617486953735,337.28564453125
MDN,5,4,NLL,-1.3775062561035156,333.06536865234375
MDN,5,5,NLL,-1.4973511695861816,331.5537414550781
MDN,5,6,NLL,-1.3895148038864136,329.12078857421875
MDN,5,7,NLL,-1.497248649597168,325.1752014160156
MDN,5,8,NLL,-1.5227073431015015,323.72052001953125
MDN,5,9,NLL,-1.5181870460510254,325.7896728515625
MDN,5,10,NLL,-1.5393939018249512,319.58026123046875
MDN,5,11,NLL,-1.5729503631591797,318.1788024902344
MDN,5,12,NLL,-1.6252334117889404,317.26959228515625
MDN,5,13,NLL,-1.6410892009735107,316.3622741699219
MDN,5,14,NLL,-1.657874584197998,315.73052978515625
MDN,5,15,NLL,-1.682736873626709,317.6755676269531
MDN,5,16,NLL,-1.6222196817398071,314.9866943359375
MDN,5,17,NLL,-1.5322134494781494,317.08050537109375
MDN,5,18,NLL,-1.5863349437713623,313.7021484375
MDN,5,19,NLL,-1.7256499528884888,312.7341003417969
MDN,5,20,NLL,-1.6000378131866455,311.5123291015625
MDN,5,21,NLL,-1.7282291650772095,310.2576599121094
MDN,5,22,NLL,-1.7306649684906006,307.2142639160156
MDN,5,23,NLL,-1.7711458206176758,304.9666442871094
MDN,5,24,NLL,-1.759292721748352,307.0468444824219
MDN,5,25,NLL,-1.6690038442611694,302.7620544433594
MDN,5,26,NLL,-1.7714414596557617,303.82177734375
MDN,5,27,NLL,-1.6217868328094482,302.9834899902344
MDN,5,28,NLL,-1.7785269021987915,297.6280517578125
MDN,5,29,NLL,-1.8220387697219849,296.8530578613281
MDN,5,30,NLL,-1.7488902807235718,299.1280822753906
MDN,5,31,NLL,-1.72769033908844,299.009765625
MDN,5,32,NLL,-1.8595681190490723,292.51123046875
MDN,5,33,NLL,-1.7066516876220703,289.46185302734375
MDN,5,34,NLL,-1.8537617921829224,298.11126708984375
MDN,5,35,NLL,-1.867974877357483,285.8035583496094
MDN,5,36,NLL,-1.8050014972686768,290.5020446777344
MDN,5,37,NLL,-1.8968894481658936,291.3651428222656
MDN,5,38,NLL,-1.874741792678833,286.82427978515625
MDN,5,39,NLL,-1.66212797164917,283.2313537597656
MDN,5,40,NLL,-1.6485326290130615,290.8665466308594
MDN,5,41,NLL,-1.925438642501831,283.56634521484375
MDN,5,42,NLL,-1.8200452327728271,285.3404235839844
MDN,5,43,NLL,-1.8999963998794556,282.29498291015625
MDN,5,44,NLL,-1.874566674232483,273.2706298828125
MDN,5,45,NLL,-1.9011123180389404,274.57763671875
MDN,5,46,NLL,-1.9213906526565552,271.4056701660156
MDN,5,47,NLL,-1.93645179271698,273.85595703125
MDN,5,48,NLL,-1.847169280052185,268.07672119140625
MDN,5,49,NLL,-1.8885928392410278,277.3997497558594
MDN,5,50,NLL,-1.9185104370117188,266.3310546875
MDN,5,51,NLL,-1.9379528760910034,262.8638916015625
MDN,5,52,NLL,-1.9864976406097412,266.3422546386719
MDN,5,53,NLL,-1.4701951742172241,270.9252014160156
MDN,5,54,NLL,-1.9273967742919922,261.346923828125
MDN,5,55,NLL,-2.001739740371704,258.38934326171875
MDN,5,56,NLL,-1.9657176733016968,261.03790283203125
MDN,5,57,NLL,-1.9838968515396118,260.7153625488281
MDN,5,58,NLL,-1.9655027389526367,258.5979919433594
MDN,5,59,NLL,-1.9192373752593994,258.94342041015625
MDN,5,60,NLL,-1.9976000785827637,257.1247253417969
MDN,5,61,NLL,-1.9731758832931519,254.5074462890625
MDN,5,62,NLL,-2.000683069229126,254.5216064453125
MDN,5,63,NLL,-1.9444948434829712,253.39553833007812
MDN,5,64,NLL,-2.0169358253479004,254.16091918945312
MDN,5,65,NLL,-1.8731392621994019,251.5258026123047
MDN,5,66,NLL,-2.0210132598876953,247.43167114257812
MDN,5,67,NLL,-2.0196001529693604,245.62371826171875
MDN,5,68,NLL,-2.0340754985809326,249.92543029785156
MDN,5,69,NLL,-2.0274581909179688,253.0170440673828
MDN,5,70,NLL,-1.866450548171997,245.70237731933594
MDN,5,71,NLL,-1.9985517263412476,245.2665252685547
MDN,5,72,NLL,-1.6846184730529785,248.93572998046875
MDN,5,73,NLL,-2.034830093383789,242.77438354492188
MDN,5,74,NLL,-1.914816975593567,245.49722290039062
MDN,5,75,NLL,-1.9592167139053345,260.7851867675781
MDN,5,76,NLL,-1.9627127647399902,251.80181884765625
MDN,5,77,NLL,-1.963670253753662,244.6824188232422
MDN,5,78,NLL,-2.0720648765563965,246.32247924804688
MDN,5,79,NLL,-2.0826354026794434,244.44061279296875
MDN,5,80,NLL,-2.032158136367798,244.21578979492188
MDN,5,81,NLL,-2.052513360977173,244.66078186035156
MDN,5,82,NLL,-2.071917772293091,249.23838806152344
MDN,5,83,NLL,-2.08821177482605,239.33729553222656
MDN,5,84,NLL,-2.0230047702789307,239.6996307373047
MDN,5,85,NLL,-2.0567610263824463,235.97227478027344
MDN,5,86,NLL,-1.9940946102142334,236.7109375
MDN,5,87,NLL,-2.098134994506836,233.6922149658203
MDN,5,88,NLL,-2.0552306175231934,249.44796752929688
MDN,5,89,NLL,-2.021665334701538,237.7442626953125
MDN,5,90,NLL,-2.0779614448547363,239.06979370117188
MDN,5,91,NLL,-2.016857147216797,229.5052490234375
MDN,5,92,NLL,-2.0269346237182617,235.45120239257812
MDN,5,93,NLL,-2.0930778980255127,230.46104431152344
MDN,5,94,NLL,-2.049208164215088,229.50611877441406
MDN,5,95,NLL,-2.102747917175293,229.1051483154297
MDN,5,96,NLL,-2.0948169231414795,235.05393981933594
MDN,5,97,NLL,-1.8867377042770386,231.91421508789062
MDN,5,98,NLL,-2.0612728595733643,229.92750549316406
MDN,5,99,NLL,-2.02955961227417,233.14181518554688
MDN,5,100,NLL,-2.0235776901245117,232.892333984375
MDN,5,101,NLL,-1.967693567276001,236.36245727539062
MDN,5,102,NLL,-2.077148914337158,226.856201171875
MDN,5,103,NLL,-2.071483612060547,225.79832458496094
MDN,5,104,NLL,-2.023850679397583,225.5861053466797
MDN,5,105,NLL,-2.1085238456726074,223.6669158935547
MDN,5,106,NLL,-2.112189292907715,225.59619140625
MDN,5,107,NLL,-2.080052614212036,229.10507202148438
MDN,5,108,NLL,-2.141775608062744,221.86822509765625
MDN,5,109,NLL,-2.1409428119659424,230.5155792236328
MDN,5,110,NLL,-2.1200110912323,224.0484161376953
MDN,5,111,NLL,-2.0464470386505127,222.048583984375
MDN,5,112,NLL,-2.0706379413604736,233.51576232910156
MDN,5,113,NLL,-2.0452375411987305,219.64024353027344
MDN,5,114,NLL,-2.033381223678589,227.6671600341797
MDN,5,115,NLL,-1.9355487823486328,224.49960327148438
MDN,5,116,NLL,-2.116142988204956,221.41024780273438
MDN,5,117,NLL,-2.1488170623779297,225.88035583496094
MDN,5,118,NLL,-2.155998706817627,222.1256561279297
MDN,5,119,NLL,-2.158784866333008,219.61154174804688
MDN,5,120,NLL,-2.0973434448242188,222.06089782714844
MDN,5,121,NLL,-2.089393138885498,218.57383728027344
MDN,5,122,NLL,-2.141927480697632,217.60980224609375
MDN,5,123,NLL,-2.1267054080963135,225.4214324951172
MDN,5,124,NLL,-1.9930726289749146,220.32847595214844
MDN,5,125,NLL,-2.079068660736084,221.03428649902344
MDN,5,126,NLL,-2.154724359512329,218.25416564941406
MDN,5,127,NLL,-2.149390935897827,225.95782470703125
MDN,5,128,NLL,-1.9691649675369263,224.078125
MDN,5,129,NLL,-2.1075358390808105,223.13235473632812
MDN,5,130,NLL,-2.1589467525482178,215.20321655273438
MDN,5,131,NLL,-2.1609890460968018,215.90591430664062
MDN,5,132,NLL,-2.0780386924743652,217.63157653808594
MDN,5,133,NLL,-2.1726126670837402,219.61334228515625
MDN,5,134,NLL,-2.092376232147217,216.654541015625
MDN,5,135,NLL,-2.1829833984375,221.52398681640625
MDN,5,136,NLL,-2.1529576778411865,218.8768768310547
MDN,5,137,NLL,-2.1309516429901123,219.53555297851562
MDN,5,138,NLL,-2.1518759727478027,217.16867065429688
MDN,5,139,NLL,-2.1429786682128906,216.93101501464844
MDN,5,140,NLL,-2.1224660873413086,215.54867553710938
MDN,5,141,NLL,-2.2203495502471924,220.8131561279297
MDN,5,142,NLL,-2.187473773956299,213.42437744140625
MDN,5,143,NLL,-2.164283514022827,214.46917724609375
MDN,5,144,NLL,-2.081092596054077,217.23619079589844
MDN,5,145,NLL,-2.1906826496124268,214.3407440185547
MDN,5,146,NLL,-2.1686642169952393,218.27761840820312
MDN,5,147,NLL,-2.2160391807556152,220.53591918945312
MDN,5,148,NLL,-2.180689811706543,214.3309326171875
MDN,5,149,NLL,-2.122069835662842,216.2005157470703
MDN,5,150,NLL,-2.172058582305908,213.80966186523438
MDN,5,151,NLL,-2.1320974826812744,210.03762817382812
MDN,5,152,NLL,-2.2159273624420166,207.47787475585938
MDN,5,153,NLL,-1.857887625694275,210.80445861816406
MDN,5,154,NLL,-2.2156717777252197,212.81478881835938
MDN,5,155,NLL,-2.210568428039551,217.5921630859375
MDN,5,156,NLL,-2.203007936477661,212.66952514648438
MDN,5,157,NLL,-2.190671443939209,208.2091827392578
MDN,5,158,NLL,-2.2279202938079834,217.0746307373047
MDN,5,159,NLL,-2.2273778915405273,207.22161865234375
MDN,5,160,NLL,-2.2228329181671143,219.1103057861328
MDN,5,161,NLL,-2.1912524700164795,210.9697723388672
MDN,5,162,NLL,-2.175658941268921,210.9677734375
MDN,5,163,NLL,-2.157626152038574,208.99191284179688
MDN,5,164,NLL,-2.184490442276001,207.131103515625
MDN,5,165,NLL,-2.190131187438965,213.77537536621094
MDN,5,166,NLL,-2.0459580421447754,215.30364990234375
MDN,5,167,NLL,-2.0706701278686523,207.54513549804688
MDN,5,168,NLL,-2.133739471435547,207.7134552001953
MDN,5,169,NLL,-2.0645148754119873,214.58436584472656
MDN,5,170,NLL,-2.125767946243286,209.48654174804688
MDN,5,171,NLL,-2.166222333908081,210.47964477539062
MDN,5,172,NLL,-1.8781393766403198,204.46566772460938
MDN,5,173,NLL,-2.1847310066223145,219.96290588378906
MDN,5,174,NLL,-2.2037651538848877,210.79721069335938
MDN,5,175,NLL,-2.2222275733947754,208.87086486816406
MDN,5,176,NLL,-2.1621344089508057,223.00547790527344
MDN,5,177,NLL,-2.2422871589660645,205.07994079589844
MDN,5,178,NLL,-2.2340381145477295,205.68162536621094
MDN,5,179,NLL,-2.166395664215088,209.0122833251953
MDN,5,180,NLL,-2.262981414794922,209.27572631835938
MDN,5,181,NLL,-2.1324403285980225,206.92523193359375
MDN,5,182,NLL,-2.2210593223571777,208.1479034423828
MDN,5,183,NLL,-2.171177625656128,209.9595184326172
MDN,5,184,NLL,-2.1495003700256348,209.69525146484375
MDN,5,185,NLL,-2.231600761413574,205.3413543701172
MDN,5,186,NLL,-2.2653613090515137,203.8515167236328
MDN,5,187,NLL,-2.1133294105529785,204.9164276123047
MDN,5,188,NLL,-2.2905099391937256,208.6383819580078
MDN,5,189,NLL,-2.174333333969116,208.15415954589844
MDN,5,190,NLL,-2.1467556953430176,208.90670776367188
MDN,5,191,NLL,-2.2149605751037598,204.22593688964844
MDN,5,192,NLL,-2.092517614364624,207.98350524902344
MDN,5,193,NLL,-2.261695146560669,211.01834106445312
MDN,5,194,NLL,-2.2022337913513184,207.87657165527344
MDN,5,195,NLL,-2.253077983856201,210.16378784179688
MDN,5,196,NLL,-2.1306588649749756,208.76535034179688
MDN,5,197,NLL,-2.166015625,203.3423614501953
MDN,5,198,NLL,-2.2602121829986572,210.56576538085938
MDN,5,199,NLL,-2.169006586074829,206.6186065673828
MDN,5,200,NLL,-1.9953240156173706,213.8423614501953
MDN,5,201,NLL,-2.267954111099243,203.7515869140625
MDN,5,202,NLL,-2.0921053886413574,205.73292541503906
MDN,5,203,NLL,-2.344407081604004,207.12124633789062
MDN,5,204,NLL,-2.243926763534546,203.3173828125
MDN,5,205,NLL,-2.27850341796875,204.7570343017578
MDN,5,206,NLL,-2.2035131454467773,207.52200317382812
MDN,5,207,NLL,-2.3377628326416016,216.89988708496094
MDN,5,208,NLL,-2.3190693855285645,204.8271026611328
MDN,5,209,NLL,-2.032472848892212,203.99581909179688
MDN,5,210,NLL,-2.1611015796661377,207.6805877685547
MDN,5,211,NLL,-2.2557170391082764,216.26995849609375
MDN,5,212,NLL,-2.308544158935547,208.2539825439453
MDN,5,213,NLL,-2.3299448490142822,203.35520935058594
MDN,5,214,NLL,-2.291872262954712,208.18898010253906
MDN,5,215,NLL,-2.324448347091675,200.8255615234375
MDN,5,216,NLL,-2.336552381515503,199.9266357421875
MDN,5,217,NLL,-2.3106110095977783,198.0533447265625
MDN,5,218,NLL,-2.2380716800689697,200.01141357421875
MDN,5,219,NLL,-2.2939834594726562,205.95066833496094
MDN,5,220,NLL,-2.3126792907714844,198.03643798828125
MDN,5,221,NLL,-2.3010947704315186,204.54197692871094
MDN,5,222,NLL,-2.3258018493652344,211.13482666015625
MDN,5,223,NLL,-2.252955675125122,202.74200439453125
MDN,5,224,NLL,-2.299572467803955,218.2099151611328
MDN,5,225,NLL,-2.314098596572876,204.16473388671875
MDN,5,226,NLL,-2.3388843536376953,205.2495574951172
MDN,5,227,NLL,-2.063584327697754,202.7613983154297
MDN,5,228,NLL,-2.327860116958618,198.3823699951172
MDN,5,229,NLL,-2.0928893089294434,205.8166046142578
MDN,5,230,NLL,-2.314237117767334,208.49375915527344
MDN,5,231,NLL,-2.3426640033721924,199.0925750732422
MDN,5,232,NLL,-1.705540418624878,205.81324768066406
MDN,5,233,NLL,-2.3641366958618164,205.95755004882812
MDN,5,234,NLL,-2.2742395401000977,198.38897705078125
MDN,5,235,NLL,-2.24918794631958,204.85499572753906
MDN,5,236,NLL,-2.3840272426605225,197.7406463623047
MDN,5,237,NLL,-2.3820810317993164,218.30223083496094
MDN,5,238,NLL,-2.2326507568359375,205.11245727539062
MDN,5,239,NLL,-2.3186182975769043,202.02529907226562
MDN,5,240,NLL,-2.344269037246704,205.51885986328125
MDN,5,241,NLL,-2.3106446266174316,207.49887084960938
MDN,5,242,NLL,-2.383835554122925,200.75648498535156
MDN,5,243,NLL,-2.254026174545288,207.05996704101562
MDN,5,244,NLL,-1.7726402282714844,203.12350463867188
MDN,5,245,NLL,-2.3447556495666504,208.62234497070312
MDN,5,246,NLL,-2.394376039505005,200.59181213378906
MDN,5,247,NLL,-2.3765077590942383,199.28709411621094
MDN,5,248,NLL,-2.355175733566284,205.2259979248047
MDN,5,249,NLL,-2.3486454486846924,197.6598358154297
MDN,5,250,NLL,-2.3963892459869385,209.18759155273438
MDN,5,251,NLL,-2.368879795074463,201.72752380371094
MDN,5,252,NLL,-2.2954587936401367,208.66891479492188
MDN,5,253,NLL,-2.4235827922821045,194.33172607421875
MDN,5,254,NLL,-2.303835868835449,200.30223083496094
MDN,5,255,NLL,-2.3661506175994873,198.7691650390625
MDN,5,256,NLL,-2.4285314083099365,199.35757446289062
MDN,5,257,NLL,-2.0726072788238525,209.91941833496094
MDN,5,258,NLL,-2.236292839050293,197.859130859375
MDN,5,259,NLL,-2.421156167984009,199.9058074951172
MDN,5,260,NLL,-2.3156216144561768,204.84030151367188
MDN,5,261,NLL,-2.4081127643585205,204.34286499023438
MDN,5,262,NLL,-2.3935673236846924,196.9485321044922
MDN,5,263,NLL,-2.3795595169067383,204.01600646972656
MDN,5,264,NLL,-2.362854242324829,200.11058044433594
MDN,5,265,NLL,-2.4164836406707764,195.9790496826172
MDN,5,266,NLL,-2.381446361541748,194.34017944335938
MDN,5,267,NLL,-2.434828281402588,198.4820556640625
MDN,5,268,NLL,-2.253347158432007,202.37380981445312
MDN,5,269,NLL,-2.3709051609039307,202.84844970703125
MDN,5,270,NLL,-2.3653032779693604,195.73556518554688
MDN,5,271,NLL,-2.373867988586426,204.2689666748047
MDN,5,272,NLL,-2.45428729057312,196.1749725341797
MDN,5,273,NLL,-2.074153423309326,212.87965393066406
MDN,5,274,NLL,-2.1522700786590576,207.10116577148438
MDN,5,275,NLL,-2.2388417720794678,194.59889221191406
MDN,5,276,NLL,-2.3362040519714355,200.23779296875
MDN,5,277,NLL,-2.4133172035217285,195.7598419189453
MDN,5,278,NLL,-2.3716466426849365,198.36251831054688
MDN,5,279,NLL,-2.433934211730957,198.673095703125
MDN,5,280,NLL,-2.4375174045562744,205.17515563964844
MDN,5,281,NLL,-2.4328606128692627,194.90109252929688
MDN,5,282,NLL,-2.352996349334717,198.23046875
MDN,5,283,NLL,-2.4277310371398926,202.10899353027344
MDN,5,284,NLL,-2.431130886077881,195.9227294921875
MDN,5,285,NLL,-2.3811581134796143,198.60040283203125
MDN,5,286,NLL,-2.4097039699554443,194.80245971679688
MDN,5,287,NLL,-2.4046237468719482,201.98678588867188
MDN,5,288,NLL,-2.4396398067474365,194.02072143554688
MDN,5,289,NLL,-2.364978551864624,196.10044860839844
MDN,5,290,NLL,-2.4594759941101074,193.41221618652344
MDN,5,291,NLL,-2.443004608154297,202.5074005126953
MDN,5,292,NLL,-2.3596835136413574,196.31600952148438
MDN,5,293,NLL,-2.446685791015625,198.5433807373047
MDN,5,294,NLL,-2.474315643310547,196.720458984375
MDN,5,295,NLL,-2.4767403602600098,218.1027069091797
MDN,5,296,NLL,-2.463526487350464,193.86927795410156
MDN,5,297,NLL,-2.449371814727783,194.83099365234375
MDN,5,298,NLL,-2.4394190311431885,191.95042419433594
MDN,5,299,NLL,-2.1597747802734375,199.56407165527344
MDN,5,300,NLL,-2.374486207962036,198.11465454101562
